ibci,1
ibfb,1
icai,1
icea,1
iceg,1
icjb,1
idai,1
idjb,1
iejh,1
igaj,1
ighb,1
igij,1
iifa,1
iadh,2
ibjf,2
iccc,2
idgi,2
idhh,2
ifcd,2
ifgc,2
igef,2
ihga,2
ihii,2
ijgg,2
ibga,3
ibgf,3
ibij,3
idfa,3
ieij,3
ighd,3
ihjb,3
ijbi,3
iaea,4
iaef,4
iehb,4
ifgj,4
igbb,4
igcg,4
ighg,4
ihed,4
iihh,4
ijah,4
ijhe,4
iaae,5
iabf,5
iahg,5
ibgh,5
icef,5
iebh,5
ihfb,5
ihid,5
iaga,6
iahi,6
ibea,6
ibec,6
ibed,6
ibji,6
icda,6
icfe,6
iefe,6
ifgh,6
ifhf,6
ihgi,6
iidj,6
iiig,6
iiij,6
ijaf,6
ijfb,6
ijid,6
ijjj,6
iaaf,7
iaei,7
ibeh,7
ibgj,7
ieag,7
iehd,7
ifhj,7
ihde,7
ihhg,7
iibd,7
iidc,7
iiea,7
iiih,7
ijdc,7
ifba,8
ifdh,8
igjf,8
ihej,8
ijfc,8
iaca,9
icja,9
idbe,9
iebc,9
iefh,9
ieif,9
ifdf,9
ibgg,10
idde,10
iebi,10
iedf,10
iedj,10
iehc,10
iejb,10
ihjg,10
iibb,10
iicc,10
iifd,10
ijec,10
ijjd,10
iahj,11
ibfg,11
ibfj,11
icae,11
icjf,11
idbf,11
ieha,11
ifbd,11
ifei,11
igeh,11
iggh,11
igjd,11
iice,11
iabe,12
ibhf,12
iddc,12
iddi,12
idfg,12
idhe,12
ieba,12
igaa,12
ihfj,12
iiej,12
ijdd,12
iagb,13
iaja,13
icah,13
icdg,13
icdj,13
icfa,13
idcb,13
idgh,13
ieda,13
ieea,13
ifgf,13
ifie,13
igfe,13
ihhf,13
ibib,14
ibjj,14
icfd,14
iiae,14
iiga,14
ijgd,14
iafb,15
ibad,15
ibdf,15
ibge,15
icdc,15
ichj,15
idgc,15
ieeh,15
ifeg,15
iffa,15
iffd,15
igbf,15
ihjf,15
iifc,15
ijbh,15
ijgf,15
iaji,16
iegd,16
iiia,16
iaaa,17
idag,17
ideb,17
idjf,17
iffc,17
ifge,17
ifgg,17
igab,17
ighe,17
iheg,17
ihji,17
iahh,18
ibgi,18
idcj,18
ideh,18
idgb,18
iecf,18
ieii,18
ifig,18
igag,18
igai,18
igbi,18
igfd,18
igji,18
ihhh,18
ihig,18
ihja,18
iaad,19
iajj,19
icee,19
icfj,19
idca,19
idcf,19
idge,19
ieie,19
ifbg,19
igci,19
iigh,19
iihc,19
ijef,19
iadd,20
iahf,20
icid,20
idie,20
iejf,20
ifch,20
ifjd,20
ihcb,20
ihcd,20
ihdc,20
ihic,20
iijg,20
ijie,20
iafh,21
iagi,21
iajc,21
ibdj,21
idgj,21
ifcg,21
ifgi,21
iggb,21
iicg,21
ijca,21
ijcf,21
ijeg,21
ibef,22
ibjb,22
icbf,22
idcg,22
iheh,22
iidg,22
iaif,23
ibhb,23
ibid,23
iefb,23
ifad,23
ifec,23
ifed,23
iffb,23
igee,23
ihjc,23
ijej,23
iahb,24
idgf,24
iedc,24
iffe,24
igbh,24
igga,24
iggf,24
igjj,24
ihab,24
ihac,24
iiaj,24
ijgc,24
ijhh,24
iafc,25
iaih,25
ibha,25
icdf,25
icgb,25
ichg,25
idhi,25
ieah,25
iede,25
iegg,25
ieje,25
ifcf,25
ifci,25
igdc,25
igei,25
iiff,25
iiha,25
ijfe,25
ijjg,25
ibab,26
iddf,26
iege,26
ihae,26
ihia,26
iigi,26
iiii,26
ijjc,26
ibae,27
ibej,27
iced,27
icff,27
iddh,27
idfe,27
idib,27
ifeh,27
ifej,27
ihad,27
iieg,27
ijhb,27
ibhe,28
ibif,28
icgi,28
ichb,28
iehh,28
ieja,28
ijaj,28
icad,29
ided,29
idij,29
iehj,29
ific,29
igja,29
ihah,29
ijac,29
ijbb,29
ijig,29
ijjf,29
ibdd,30
ibhd,30
icab,30
icfg,30
idea,30
ifab,30
igib,30
iieb,30
iiid,30
ijci,30
ijdj,30
idih,31
ieaj,31
igeg,31
iggc,31
ihee,31
ijee,31
iajd,32
ibah,32
ibff,32
icbi,32
icej,32
idhb,32
idii,32
iecj,32
ifbe,32
ifda,32
igdf,32
iidh,32
iief,32
iihb,32
iija,32
ijbc,32
ijda,32
iceh,33
icje,33
idgd,33
idif,33
idje,33
ifjg,33
ihaj,33
iica,33
ijii,33
ibgb,34
iccj,34
icfh,34
icgh,34
icjg,34
idaa,34
ieca,34
iecc,34
ieef,34
iegc,34
ihcf,34
iibi,34
ijcb,34
ijei,34
iacf,35
iadc,35
iaeh,35
icii,35
iebb,35
ifga,35
ifia,35
igge,35
igic,35
ihhi,35
ijch,35
ibic,36
idec,36
idhj,36
igcb,36
ijab,36
ijdf,36
ijhi,36
iafj,37
ibda,37
iceb,37
iheb,37
iabi,38
icci,38
icia,38
idbb,38
idhc,38
ieei,38
ifdb,38
ifdg,38
ihbb,38
iiag,38
iicj,38
iigj,38
ijfa,38
iace,39
idhg,39
ieai,39
ifcb,39
iffi,39
ifhd,39
igeb,39
ijeb,39
ijih,39
iagd,40
icag,40
ieab,40
iegb,40
iegi,40
iehg,40
ifcj,40
iffg,40
ihec,40
iafd,41
ibcd,41
icch,41
icdh,41
idac,41
idfd,41
iega,41
iehi,41
ifje,41
ihie,41
iijf,41
ijbd,41
ijgb,41
ibac,42
icjc,42
idab,42
idjh,42
ieia,42
iejc,42
iigf,42
iaii,43
ibgd,43
idej,43
iidi,43
iigg,43
iihd,43
idef,44
ifhg,44
ihgc,44
ibfa,45
icce,45
icgj,45
icic,45
idch,45
ihhd,45
ihjh,45
ijbf,45
iadj,46
iafe,46
icdd,46
icha,46
icig,46
ihcc,46
iige,46
icjd,47
idaf,47
iddj,47
iefa,47
ifdd,47
ifeb,47
igia,47
igif,47
ihgj,47
ihhb,47
ijaa,47
ibie,48
icba,48
icib,48
igec,48
igej,48
iggd,48
ighh,48
igie,48
ihca,48
ijba,48
ijif,48
iade,49
icde,49
iddd,49
ieeb,49
iegh,49
ifag,49
ifcc,49
iifi,49
iaab,50
iaeg,50
iahd,50
icif,50
idbd,50
iebg,50
iefg,50
ifhc,50
igfj,50
ihgf,50
ihhe,50
iifb,50
iiif,50
iaaj,51
ibhg,51
idid,51
ifce,51
ifid,51
igbc,51
ihci,51
ihdj,51
ihgh,51
iicb,51
iabh,52
iafa,52
iahc,52
ichf,52
idaj,52
idbg,52
iead,52
iecg,52
ieic,52
ifif,52
ifih,52
ijge,52
iaag,53
idbi,53
idja,53
ieeg,53
ifji,53
ifjj,53
ihha,53
iihi,53
iiib,53
iaba,54
ibeg,54
ibig,54
idba,54
idbh,54
ifef,54
igbe,54
ihih,54
iibg,54
ijha,54
ijje,54
iabd,55
iche,55
ichh,55
idfc,55
idic,55
ieff,55
igha,55
ihfh,55
iibj,55
iicd,55
ijjh,55
iaia,56
iajf,56
idhf,56
ifgd,56
igae,56
igce,56
igcj,56
igfb,56
iidd,56
ijga,56
iadi,57
iaib,57
iaij,57
icgg,57
idda,57
ifee,57
ifhh,57
ifij,57
ifjh,57
igba,57
ihdh,57
iife,57
iaha,58
ibih,58
idgg,58
iegf,58
ifbh,58
igcd,58
ihbj,58
ihei,58
iijh,58
ijbe,58
ijcc,58
ijfi,58
idce,59
iihf,59
ibbh,60
ibia,60
icbb,60
idcd,60
idci,60
idha,60
ieci,60
ifbi,60
ifca,60
ifde,60
ifdj,60
iggj,60
ihba,60
ihdg,60
iiji,60
iagh,61
icaj,61
icie,61
icjj,61
iefj,61
iejd,61
iejj,61
igad,61
ihjd,61
ijcg,61
iaci,62
iaeb,62
ibaf,62
ibee,62
icbg,62
idfi,62
iecb,62
ieej,62
iegj,62
ifaa,62
igaf,62
ihbf,62
ihff,62
ihfg,62
iiie,62
ijai,62
iafi,63
ibaa,63
ibdh,63
idae,63
ieaa,63
igcf,63
igdd,63
igdh,63
igea,63
ihbc,63
ihef,63
iije,63
ijhd,63
iaff,64
ibcj,64
ibdb,64
ibfc,64
ibje,64
ifac,64
ifbb,64
iffj,64
ihhj,64
ijce,64
ibbe,65
iccf,65
icij,65
ifha,65
iged,65
ihib,65
ijad,65
ijhf,65
iaah,66
iabj,66
idad,66
idff,66
iebd,66
ieee,66
igii,66
igjh,66
iiac,66
iibe,66
iiei,66
iabg,67
iagc,67
ibch,67
ibii,67
icga,67
idee,67
idjd,67
ifja,67
ihjj,67
iiaf,67
iiec,67
ijbj,67
ijdh,67
ijhj,67
iagf,68
ibca,68
icaf,68
icfi,68
idfb,68
idig,68
ieih,68
ieji,68
ifff,68
ifhb,68
igfh,68
ihdd,68
ijcd,68
ijfg,68
iaai,69
iaee,69
iahe,69
ibce,69
ibja,69
icdb,69
ichd,69
ieid,69
ihch,69
ijdg,69
iaac,70
ibhi,70
icge,70
idga,70
iech,70
iejg,70
ifdc,70
ihgg,70
iiab,70
ibbd,71
idfj,71
ifai,71
ifgb,71
igcc,71
iidb,71
ijff,71
icec,72
iedg,72
igac,72
igig,72
ihbe,72
iiah,72
iich,72
iidf,72
iigd,72
ijcj,72
ijeh,72
ijgh,72
ijic,72
iajh,73
ibbi,73
ibjh,73
ieed,73
ighf,73
igjc,73
ihgb,73
ihgd,73
iiad,73
ijib,73
ibgc,74
iedb,74
iifj,74
icbc,75
ieac,75
iehf,75
ieig,75
ifbc,75
iihg,75
iacg,76
iafg,76
iccd,76
iefc,76
iefi,76
iehe,76
igdg,76
ihfe,76
ihje,76
ijag,76
ijdb,76
ibcf,77
iccg,77
ihfd,77
iifh,77
ijed,77
iadg,78
iaic,78
ibde,78
igfi,78
ihaa,78
ihdi,78
iihe,78
ijae,78
iacd,79
iadb,79
ibai,79
icfb,79
ifah,79
ifjc,79
iggg,79
igih,79
ihcg,79
ihfa,79
iijd,79
iaid,80
icaa,80
iebf,80
iece,80
iefd,80
igca,80
igfg,80
ighj,80
ihdb,80
ihfc,80
ibei,81
icbj,81
icgd,81
ichc,81
idji,81
iebj,81
iibf,81
iici,81
ibhh,82
icbe,82
igdb,82
igdi,82
igid,82
ihfi,82
ijgi,82
ijhg,82
iagg,83
ibfd,83
icbd,83
icfc,83
iedh,83
ighi,83
ihce,83
ihhc,83
iibh,83
ijhc,83
iage,84
ibhj,84
ichi,84
iecd,84
ifhi,84
igfc,84
ifjb,85
igbd,85
iiai,85
iicf,85
ijfh,85
iacj,86
ibag,86
ibbb,86
ibcb,86
ibcc,86
idbj,86
ieaf,86
iebe,86
iedi,86
igbj,86
iggi,86
ijij,86
iacb,87
iaej,87
ibbj,87
icbh,87
icgc,87
idah,87
idcc,87
ieae,87
iedd,87
ieib,87
igjg,87
ijja,87
ibfh,88
ibjc,88
icac,88
icgf,88
ifae,88
ifbj,88
ifdi,88
igbg,88
igch,88
igje,88
iiba,88
iibc,88
ijjb,88
ibdc,89
icca,89
icdi,89
icjh,89
ifaj,89
igjb,89
iiee,89
iacc,90
icih,90
idjg,90
ifhe,90
ihea,90
ijbg,90
iabc,91
iadf,91
iagj,91
iaje,91
ibdg,91
icei,91
ideg,91
ifaf,91
igff,91
iiaa,91
iida,91
iigb,91
ibaj,92
ibeb,92
idjj,92
igda,92
ihai,92
ihbg,92
ihbi,92
ihda,92
ihge,92
iihj,92
iijb,92
ijde,92
ijdi,92
iaec,93
ibbg,93
ibfe,93
iddb,93
ifbf,93
igdj,93
ihaf,93
ijgj,93
iaed,94
ibba,94
ibjd,94
igde,94
ihbd,94
iieh,94
iifg,94
iiic,94
ijea,94
iabb,95
iaig,95
iddg,95
idhd,95
ifjf,95
ihbh,95
iide,95
iied,95
ibcg,96
ifea,96
iffh,96
igfa,96
ihcj,96
ihif,96
iigc,96
iijc,96
ijfd,96
ibbf,97
ibjg,97
icji,97
idia,97
ieec,97
ihdf,97
iijj,97
ijfj,97
iaie,98
ibdi,98
ibfi,98
ibhc,98
idei,98
ifib,98
ighc,98
iada,99
iajg,99
idbc,99
idjc,99
ifii,99
igah,99
ihag,99
ihij,99
ijia,99
iach,100
iajb,100
ibbc,100
iccb,100
idfh,100
ijji,100
