haae,1
hcbj,1
hcga,1
hdfa,1
hdga,1
hdjd,1
hehd,1
hfda,1
hfdb,1
hhea,1
hied,1
hifg,1
hjjd,1
hbbe,2
hbcf,2
hceg,2
hcfd,2
hdfg,2
hdji,2
hfej,2
hfhj,2
hjic,2
hacd,3
haja,3
hajg,3
hbae,3
hbeg,3
hedg,3
hhic,3
hhii,3
hhjc,3
hibc,3
hbcc,4
hbfc,4
hccj,4
hdba,4
hdbb,4
hdfd,4
heca,4
hgea,4
hieb,4
hiid,4
hijc,4
heib,5
hfdj,5
hffa,5
hfji,5
hgfg,5
hgjd,5
hibf,5
hihf,5
hijb,5
hbai,6
hbjc,6
hegg,6
hejc,6
hfab,6
hhef,6
hifc,6
hjab,6
hjdf,6
hjij,6
haca,7
hagd,7
hbgi,7
hbhh,7
hcdi,7
hffh,7
hfhg,7
hfid,7
hfjd,7
hgde,7
hhdi,7
hihb,7
hjah,7
hjde,7
hbce,8
hbgj,8
hbjb,8
hcae,8
hebb,8
hefc,8
hfig,8
hhfb,8
hcfb,9
hebc,9
hfca,9
hfcb,9
hfch,9
hhec,9
higi,9
hjeb,9
hjjg,9
hbch,10
hcad,10
hchb,10
hdec,10
hdfi,10
hege,10
hffc,10
hffi,10
hfic,10
hhaa,10
hhjj,10
higd,10
hchf,11
hcja,11
hcjh,11
heeb,11
hefg,11
hfah,11
hfjb,11
hgjh,11
hhbf,11
hhcc,11
hide,11
hjbf,11
hafg,12
hbdg,12
hbgd,12
hbhg,12
hdea,12
hdhf,12
heai,12
hebj,12
heci,12
hegh,12
hhfa,12
hhga,12
hiag,12
habd,13
haeg,13
hcfe,13
hdhb,13
heei,13
hgdj,13
hiac,13
hiif,13
hjgb,13
hadc,14
hadf,14
haei,14
hafh,14
hbja,14
hcdd,14
hdbi,14
hfeg,14
hhdf,14
hhdg,14
hhjb,14
hibd,14
higa,14
hije,14
hjfi,14
hjgh,14
haej,15
hbaf,15
hbaj,15
hcjb,15
hdff,15
hehe,15
hejf,15
hgdb,15
hhhi,15
hihh,15
haaf,16
hajf,16
hcgg,16
hcjd,16
hgbi,16
hgha,16
hjac,16
hjed,16
hjeh,16
haec,17
hbdj,17
hehj,17
hggc,17
hhdb,17
hicc,17
hiee,17
hjfj,17
hajh,18
hbeh,18
hfeh,18
hfij,18
hgca,18
hbji,19
hcgi,19
heia,19
hfag,19
hgdc,19
hhch,19
hhfg,19
hjjc,19
hagg,20
hgce,20
hgda,20
hghh,20
hhaj,20
hjfg,20
haad,21
haeb,21
hagb,21
hece,21
hfbe,21
hhac,21
hhih,21
hiff,21
hjgd,21
hadd,22
hadh,22
hbcd,22
hcji,22
heaa,22
hefj,22
hegb,22
hehi,22
hiai,22
hidh,22
hbed,23
hcge,23
hcgj,23
hdbg,23
hdfe,23
hggf,23
hhdc,23
hjfd,23
haaa,24
hace,24
hahg,24
hbea,24
hcbi,24
hdcb,24
hebi,24
hedf,24
hgfd,24
hgfi,24
hhhd,24
hich,24
hiie,24
hiih,24
hjcb,24
hcaa,25
hcbg,25
hdhg,25
hfbh,25
hdde,26
hdge,26
hecf,26
heid,26
hfai,26
hfdf,26
hhfj,26
hhhh,26
hiaj,26
higc,26
high,26
hjeg,26
hjga,26
hbeb,27
hcia,27
hfba,27
hfgh,27
hgbg,27
hgcg,27
hgjg,27
hjdj,27
hjia,27
hcch,28
hdaf,28
hdcd,28
hebe,28
hede,28
heff,28
hfee,28
hggg,28
hifh,28
hjea,28
haag,29
hbdc,29
hbec,29
hbej,29
hcdc,29
hcih,29
hdae,29
hfed,29
hgah,29
habf,30
haie,30
hbef,30
hbfa,30
hbhb,30
hdad,30
hffg,30
hgcf,30
hhbg,30
hhdh,30
hhhg,30
hbei,31
hccf,31
hchg,31
hejh,31
hfgf,31
hgbf,31
hgjc,31
hhed,31
hbga,32
hbif,32
hdac,32
hdie,32
hejd,32
hfha,32
hfjc,32
hgcc,32
hgcj,32
hbfd,33
hcde,33
hdbf,33
hdih,33
hefd,33
hfcg,33
hgii,33
hhba,33
hhcg,33
hhhe,33
hiej,33
higj,33
habc,34
haib,34
hcce,34
hdeb,34
hdig,34
hdjg,34
hedh,34
hfdd,34
hfih,34
hhgd,34
hbag,35
hbia,35
hdjh,35
hfbj,35
hggd,35
hjdb,35
hafc,36
hcdf,36
hced,36
hdbh,36
hdgj,36
hdjj,36
hgij,36
hhcb,36
higf,36
hihc,36
hjbc,36
hjfh,36
hdbj,37
hfbi,37
hgei,37
hhif,37
hjhj,37
hbcg,38
hebd,38
hgai,38
hija,38
hjbb,38
hjce,38
hach,39
hbac,39
hddc,39
hdgd,39
hdjb,39
hegf,39
hfbg,39
hhge,39
hiib,39
hjca,39
hjch,39
hjcj,39
hahh,40
hcea,40
hchd,40
hebf,40
hegj,40
hfaj,40
hfce,40
hgad,40
hghj,40
hhce,40
hheb,40
hibb,40
hiei,40
hiii,40
hjai,40
hjha,40
hbhf,41
hgdf,41
hhej,41
hhjf,41
hjib,41
hjig,41
hade,42
haeh,42
hcbd,42
hcfa,42
hgaf,42
hgbe,42
hhah,42
hhgc,42
hjgj,42
hbab,43
hcdj,43
hdaj,43
head,43
hega,43
hfii,43
hghf,43
hief,43
hacc,44
hagi,44
hdch,44
hddb,44
hdfb,44
hdij,44
hfbb,44
hhhj,44
hhji,44
hbjd,45
hcbc,45
hdia,45
hdja,45
hfhh,45
hhhc,45
hidc,45
hiha,45
hjjf,45
haah,46
haci,46
hajj,46
hbdd,46
hchc,46
hcie,46
hfia,46
hfja,46
hgci,46
hgic,46
hhbe,46
hhcf,46
hhjh,46
hidg,46
hjaj,46
hjba,46
hjcf,46
hjje,46
hcca,47
hhai,47
hhgg,47
hiad,47
hbaa,48
hcci,48
hdej,48
hdjf,48
heac,48
heee,48
hgec,48
hggj,48
hhje,48
hjda,48
hjii,48
haig,49
hbad,49
hehf,49
hgbh,49
hgcd,49
hhbi,49
hidd,49
haea,50
hafi,50
hahc,50
hbbh,50
hbgf,50
hcag,50
hddd,50
hdgi,50
hecc,50
hehc,50
hfcf,50
hfff,50
hghc,50
hhbb,50
hheh,50
hibg,50
hijg,50
hjja,50
habh,51
habi,51
haij,51
hded,51
hdfh,51
hgeb,51
hgfj,51
hghg,51
hhgi,51
hhhb,51
hhie,51
hiaa,51
hjgc,51
hjhc,51
haac,52
hbca,52
hbhe,52
hchi,52
hdcc,52
hfhb,52
hfie,52
hggh,52
hgia,52
hhgb,52
hhgh,52
hibj,52
hbig,53
hbjj,53
hccd,53
hcjg,53
hehg,53
heig,53
hijh,53
hafa,54
hcgc,54
hcic,54
hdca,54
heag,54
hech,54
hfgj,54
hhag,54
hhgj,54
hihd,54
haia,55
hbda,55
hbha,55
hddj,55
hdgh,55
hgfb,55
hgfe,55
hghe,55
hjhd,55
hbee,56
hbfe,56
hdef,56
hhci,56
hjef,56
hbih,57
hcgb,57
hdbd,57
hdgc,57
hffb,57
hgaj,57
hieg,57
hjgf,57
habb,58
habg,58
hafj,58
hbdh,58
hbfj,58
hbhi,58
hdgg,58
hhbh,58
hiec,58
hijj,58
hadi,59
hadj,59
hcaj,59
heah,59
hegc,59
hfae,59
hgib,59
hgjf,59
hiab,59
hiba,59
hihe,59
hjae,59
hjfe,59
hjji,59
haff,60
haic,60
hbbb,60
hccc,60
hdah,60
hdci,60
hfjj,60
hgch,60
hhad,60
hhdj,60
hhjg,60
hjif,60
habj,61
hahd,61
hbbj,61
hbdi,61
hdfj,61
hdha,61
hebh,61
hffj,61
hfgc,61
hgig,61
hdic,62
heab,62
hfbd,62
hgcb,62
hgji,62
hhbj,62
hhig,62
hici,62
hifj,62
hiji,62
hjhg,62
haba,63
haef,63
hbbg,63
hbff,63
hcei,63
hcii,63
hdhe,63
heaf,63
hfcj,63
hfgb,63
hgac,63
hghd,63
hhei,63
hijd,63
hjdd,63
hjhh,63
hjie,63
hacf,64
hhha,64
hiah,64
hice,64
hicf,64
hidb,64
hjdi,64
hjec,64
hjej,64
hcee,65
hdeh,65
heeg,65
hfjh,65
hgeg,65
hgff,65
hgga,65
hhhf,65
hjid,65
hbba,66
hbjh,66
hcba,66
hcfc,66
hcif,66
hedj,66
heea,66
hfeb,66
hfgg,66
hhia,66
hieh,66
hjfb,66
hcbf,67
hcij,67
hdda,67
hdhj,67
hfcd,67
hghi,67
hhda,67
hhfh,67
hidj,67
hcbe,68
hcha,68
hddf,68
hdid,68
hecb,68
hefb,68
hefh,68
hfdc,68
hfhi,68
hhff,68
hjbh,68
hadb,69
hddh,69
hfga,69
hgbj,69
hgdi,69
hhee,69
hifa,69
hacb,70
hdhc,70
hdhd,70
hejg,70
hfaa,70
hgaa,70
hggi,70
hhgf,70
hihi,70
haai,71
hada,71
hagf,71
hajc,71
hbdb,71
hbde,71
hbie,71
hbje,71
hcjj,71
hdjc,71
hfad,71
hfde,71
hfhc,71
hgae,71
hjhb,71
hafb,72
hbci,72
hbfi,72
hcah,72
hcbh,72
hcdb,72
hceb,72
hdfc,72
hegi,72
hfef,72
hfgi,72
hfib,72
hgeh,72
hiij,72
hjbd,72
hcec,73
heec,73
heeh,73
heja,73
heje,73
hghb,73
hjad,73
hjjb,73
hafe,74
hbbi,74
hcab,74
hcgh,74
hebg,74
hecg,74
heed,74
hhfd,74
hicb,74
hjaf,74
hcjc,75
hecd,75
hffe,75
hhcd,75
hiic,75
hjei,75
hjge,75
hahe,76
hbcb,76
hbge,76
hbij,76
hdgb,76
hdhi,76
hdib,76
hecj,76
hgdg,76
hhaf,76
hhde,76
hiig,76
hjbj,76
hjff,76
hjjh,76
haaj,77
hbic,77
hbii,77
hcej,77
hdcg,77
hdje,77
heba,77
heha,77
hfcc,77
hgge,77
hhab,77
hhfc,77
hibi,77
hjag,77
hagc,78
hagj,78
hbah,78
hbbd,78
hcbb,78
hcfi,78
hdai,78
hddg,78
heif,78
heji,78
hhbc,78
hhbd,78
hhib,78
hjcg,78
hbgb,79
hddi,79
hehh,79
hfjf,79
hidf,79
hjgg,79
hahi,80
hajd,80
hbgc,80
hcda,80
hfci,80
hfdg,80
hfhe,80
hgbc,80
hjcc,80
haab,81
hacj,81
hbbf,81
hbjf,81
hcgd,81
heaj,81
hefi,81
hfac,81
hfea,81
hffd,81
hgej,81
higb,81
hige,81
hjee,81
hcdh,82
hdgf,82
hedi,82
hgba,82
hgdd,82
hgfh,82
hgie,82
hhfe,82
hjih,82
haed,83
hagh,83
hbfb,83
hbhd,83
hcac,83
hcfj,83
hdeg,83
heae,83
hegd,83
hfhd,83
hgbb,83
hged,83
hiae,83
hjdh,83
hjhf,83
hbdf,84
hcfg,84
hdif,84
hefa,84
heic,84
hfif,84
hgje,84
hijf,84
hjbg,84
haee,85
hccg,85
hdaa,85
heij,85
hibe,85
hida,85
hjaa,85
haif,86
hbhc,86
hcaf,86
hcgf,86
hedb,86
hfbf,86
hgih,86
hhfi,86
hicj,86
hifd,86
hife,86
hjhe,86
hahf,87
hbcj,87
hbfg,87
hbgh,87
hbib,87
hdii,87
hhdd,87
hjbi,87
hjfc,87
hacg,88
hdbc,88
heej,88
hfdi,88
hgab,88
hgja,88
hifb,88
higg,88
hihj,88
hjdg,88
hadg,89
hahj,89
hccb,89
heda,89
hedc,89
hedd,89
hehb,89
hfdh,89
hfgd,89
hfjg,89
hgef,89
haid,90
hbid,90
hceh,90
hcig,90
hdab,90
heie,90
hgag,90
hdee,91
hdei,91
hejb,91
hhjd,91
hicg,91
hjfa,91
hjgi,91
hajb,92
hcai,92
hcef,92
hcid,92
hdag,92
hdce,92
hgbd,92
hhae,92
haha,93
hbfh,93
hchj,93
hcib,93
hejj,93
hgfa,93
hhca,93
hheg,93
hjbe,93
haga,94
hage,94
hahb,94
haih,94
hefe,94
hgee,94
hgfc,94
hhcj,94
hhid,94
hidi,94
hjcd,94
habe,95
hbgg,95
hbhj,95
hbjg,95
hcje,95
hdbe,95
hfaf,95
hggb,95
hfei,96
hfge,96
hgdh,96
hifi,96
hihg,96
hjdc,96
hafd,97
hche,97
hcjf,97
heii,97
hfbc,97
hgid,97
hgjb,97
hgjj,97
hiaf,97
hica,97
haji,98
hcfh,98
hchh,98
hdcf,98
hdcj,98
hdhh,98
hfhf,98
hhja,98
hibh,98
hjci,98
hjhi,98
haii,99
haje,99
hcff,99
hfje,99
hhij,99
hicd,99
hiea,99
hiia,99
hbbc,100
hcdg,100
heef,100
heih,100
hfec,100
hgif,100
hjjj,100
