aacb,1
acah,1
adic,1
aedf,1
aedj,1
agjg,1
aifj,1
ajfe,1
aadg,2
aaif,2
adbc,2
afdj,2
aghj,2
ahfd,2
aijf,2
aabc,3
aafi,3
acfa,3
acfi,3
adcb,3
aeje,3
afci,3
agcf,3
agee,3
agfa,3
aidc,3
aidi,3
aijj,3
ajfa,3
aaij,4
abid,4
adee,4
adfi,4
adjg,4
aedg,4
afbd,4
afej,4
aihe,4
ajdd,4
ajge,4
aaab,5
aacd,5
aahd,5
abjg,5
acae,5
aced,5
aeii,5
afgb,5
aggj,5
agie,5
agjf,5
aifd,5
aigh,5
aabh,6
aaea,6
abgb,6
acaa,6
adba,6
aece,6
agdh,6
aiga,6
aiji,6
ajaa,6
aadh,7
aahe,7
abai,7
acbe,7
adch,7
aebj,7
aehc,7
afdf,7
ahda,7
ahjb,7
aihf,7
aije,7
ajbf,7
aaed,8
aaej,8
aafc,8
aajd,8
abdg,8
aefd,8
afig,8
ahaf,8
ahbd,8
ajjg,8
abcd,9
abgj,9
acgf,9
adjb,9
aeee,9
aefe,9
afcj,9
agbc,9
ahhj,9
aiib,9
aabg,10
aacg,10
aaie,10
aajf,10
abcf,10
acjh,10
adjj,10
aede,10
aehd,10
agdf,10
ahag,10
ahce,10
ahch,10
ahif,10
aibf,10
aicj,10
acca,11
acdd,11
acig,11
acjc,11
addj,11
aeia,11
afbi,11
afee,11
agbd,11
ahbi,11
ahcc,11
ahfh,11
aaec,12
abhj,12
acbd,12
acce,12
aeeb,12
aejc,12
agfj,12
agjh,12
ahad,12
ajcc,12
ajdh,12
aaic,13
addc,13
aiie,13
ajbj,13
ajch,13
ajhe,13
aaag,14
abbd,14
abdj,14
abfh,14
aceg,14
acei,14
aecg,14
aehj,14
agbb,14
agjb,14
ahee,14
ahhh,14
aidh,14
ajgf,14
abbj,15
acic,15
aehf,15
afaf,15
agbj,15
aghh,15
ahfb,15
ahgj,15
aifi,15
ajda,15
aacf,16
abbg,16
adbi,16
addb,16
addh,16
adei,16
adjf,16
afga,16
agah,16
agba,16
agfb,16
agfd,16
ahaa,16
ahbb,16
ajhj,16
aafj,17
abei,17
abfa,17
abgi,17
acab,17
acfg,17
acjj,17
aecf,17
aeci,17
afah,17
afhe,17
agdj,17
aheg,17
aied,17
aifa,17
aiig,17
ajab,17
ajbb,17
aagj,18
acdi,18
agcb,18
agfg,18
aaff,19
acac,19
afac,19
afdh,19
aggd,19
aiic,19
ajce,19
ajde,19
ajii,19
aeea,20
aeec,20
aega,20
aejj,20
afcf,20
agda,20
ahhc,20
ahib,20
aidg,20
ajic,20
ajig,20
aaai,21
abdi,21
adgj,21
aebi,21
afca,21
agdg,21
agge,21
ahcd,21
ahgi,21
ahii,21
ahjh,21
ajif,21
abab,22
abge,22
acif,22
aefh,22
affi,22
agih,22
aida,22
aifc,22
ajhb,22
abdc,23
accg,23
acjd,23
adda,23
addi,23
aeic,23
aeih,23
agif,23
ahgf,23
aicg,23
aife,23
abbi,24
abeg,24
acie,24
aeeg,24
ahic,24
ajbg,24
ajdj,24
ajjb,24
aaaf,25
aabj,25
acjb,25
adbf,25
adce,25
afgf,25
agdi,25
aggc,25
aiac,25
ajai,25
ajef,25
ajgi,25
aadd,26
aagd,26
abfi,26
adgb,26
afce,26
affj,26
afji,26
ahdb,26
aice,26
ajci,26
aajh,27
accc,27
acdh,27
adcg,27
adfe,27
adif,27
aebf,27
ahei,27
ahfc,27
adfj,28
adha,28
aeag,28
aegd,28
afie,28
afja,28
aggg,28
ahhi,28
aibb,28
aieb,28
aaji,29
abgh,29
adhb,29
afdc,29
afij,29
abbb,30
abea,30
acfh,30
acgh,30
aeef,30
aegc,30
ahdf,30
ahja,30
aaid,31
abhc,31
acjg,31
aeaj,31
aeif,31
afhc,31
aghe,31
ahhg,31
aibj,31
aiij,31
aija,31
adii,32
aeji,32
afcd,32
afdb,32
afha,32
abfb,33
acai,33
adji,33
affc,33
agaj,33
agjc,33
ahhf,33
aief,33
aada,34
acbi,34
aefc,34
afai,34
aghb,34
ahbc,34
ajaj,34
ajbe,34
acgd,35
acgi,35
adbh,35
afbg,35
agaf,35
agbg,35
agcg,35
aggb,35
aghi,35
agig,35
ahfe,35
ahga,35
aiaa,35
aieh,35
ajfi,35
aacc,36
abci,36
abee,36
acad,36
acff,36
adig,36
ahdd,36
aiai,36
aigb,36
ajad,36
ajfg,36
aagf,37
abgd,37
achi,37
afbf,37
ageh,37
aghg,37
ahca,37
ahec,37
aicc,37
ajbi,37
ajeb,37
aabb,38
aafe,38
aajj,38
aeac,38
aedb,38
aeha,38
aeig,38
afhi,38
agea,38
agib,38
ahbf,38
aibc,38
aidf,38
adci,39
adid,39
adij,39
aehg,39
aeib,39
afbc,39
aiei,39
ajih,39
aahc,40
aahg,40
acda,40
achj,40
acih,40
adab,40
adaf,40
adfa,40
adgf,40
aeij,40
ajah,40
ajec,40
ajgj,40
aaac,41
aaca,41
aade,41
aaei,41
abif,41
abja,41
acha,41
ache,41
ageb,41
aadc,42
aadf,42
afhf,42
aghd,42
agia,42
aiab,42
ajag,42
aagi,43
abch,43
adib,43
adih,43
afgi,43
agag,43
ajhf,43
aagc,44
aajc,44
aajg,44
abec,44
abhg,44
adbj,44
aeej,44
afgd,44
agef,44
ahdg,44
aigf,44
ajgc,44
aaaa,45
accj,45
aceh,45
adai,45
adff,45
aeae,45
aeed,45
aehe,45
agfc,45
aggi,45
aghc,45
agjj,45
ahaj,45
ahbj,45
abgc,46
abjh,46
acbh,46
aecj,46
ahhe,46
ajea,46
ajia,46
abce,47
abhb,47
acej,47
adgg,47
aeie,47
aghf,47
aaae,48
aaaj,48
aahb,48
acji,48
ahcb,48
ahfg,48
aijb,48
ajdg,48
achc,49
adjh,49
afaj,49
afhj,49
aibd,49
ajgb,49
aabf,50
aaig,50
abba,50
abcj,50
abie,50
afec,50
afgg,50
agad,50
ahae,50
ajbh,50
ajid,50
aahi,51
abeh,51
acii,51
adje,51
aefi,51
afag,51
afih,51
agca,51
ahjf,51
aifb,51
aigj,51
ajgh,51
abdf,52
acbb,52
acia,52
adhi,52
affd,52
ajie,52
acag,53
acbg,53
adfh,53
adhc,53
ahbe,53
ajfb,53
ajfc,53
achd,54
achh,54
adhh,54
adie,54
afdd,54
agce,54
aheb,54
ahij,54
ajga,54
ajij,54
ajjc,54
abii,55
adgi,55
adhe,55
afjj,55
agfe,55
ahgb,55
ahha,55
aiad,55
aibh,55
abef,56
acbc,56
acfe,56
acge,56
adhf,56
afeb,56
affh,56
aidj,56
aijh,56
ajcj,56
acbf,57
addf,57
aedc,57
afed,57
afgc,57
agab,57
ahab,57
aigi,57
ajjf,57
aaeg,58
abje,58
aefb,58
afff,58
ahci,58
ahfj,58
ahig,58
aaah,59
acbj,59
acdj,59
acje,59
adaj,59
adec,59
aebe,59
afge,59
ahjj,59
aibg,59
ajji,59
aace,60
adfd,60
aeab,60
aedd,60
agcj,60
aiej,60
aigd,60
aiha,60
ajba,60
aaeh,61
aaje,61
abbe,61
acdc,61
adcd,61
aech,61
afhb,61
afjg,61
agcc,61
agha,61
ahjc,61
aica,61
ajfj,61
ajhh,61
abbh,62
acec,62
afhh,62
agdb,62
agjd,62
aicf,62
ajjh,62
abga,63
aeah,63
agbe,63
agde,63
agii,63
aicb,63
ajae,63
ajgg,63
aahh,64
abfj,64
acba,64
adjc,64
adjd,64
aedi,64
agfi,64
ahjd,64
aich,64
aaja,65
abca,65
abdd,65
abij,65
acaf,65
acij,65
afch,65
aaad,66
aage,66
abhf,66
acdf,66
acjf,66
addg,66
adej,66
adgh,66
afcc,66
afia,66
agch,66
agei,66
aiah,66
aiid,66
aijc,66
ajfd,66
ajhd,66
aagg,67
abbc,67
abfd,67
abgf,67
abia,67
adah,67
adfb,67
adhg,67
aecc,67
aeja,67
afea,67
agac,67
ahdi,67
ahgd,67
ahhb,67
aiaj,67
aifg,67
ajee,67
aagh,68
abhi,68
acch,68
adcc,68
aebb,68
aehh,68
afde,68
agaa,68
agdc,68
ajcb,68
abhh,69
abjb,69
acef,69
acgj,69
adfc,69
aeaa,69
afab,69
afdg,69
agic,69
aidb,69
aigc,69
aihj,69
abah,70
abcg,70
abde,70
abeb,70
abjc,70
adja,70
aeda,70
agbh,70
ahdj,70
aaeb,71
abji,71
adag,71
adia,71
ahid,71
aiaf,71
ajcf,71
ajff,71
aaba,72
aabe,72
aafd,72
aaia,72
acaj,72
adbd,72
adbe,72
aegb,72
affg,72
ajdc,72
abjj,73
acfc,73
aead,73
afif,73
ahcj,73
ahie,73
ahih,73
aicd,73
accb,74
acde,74
acga,74
achg,74
adcj,74
adea,74
aebc,74
ahje,74
aiba,74
ajei,74
ajha,74
aadj,75
acdg,75
addd,75
aded,75
aeei,75
afdi,75
afei,75
afhg,75
agej,75
ahai,75
aide,75
aadb,76
abbf,76
abfg,76
acfb,76
acid,76
aebg,76
aejb,76
afgj,76
ajhc,76
aabd,77
aefg,77
afib,77
ahcg,77
aiee,77
ajgd,77
abae,78
abag,78
abih,78
adaa,78
adad,78
adcf,78
adga,78
afaa,78
afae,78
afcb,78
afcg,78
ahac,78
aieg,78
aihg,78
ajdi,78
aaci,79
affe,79
afgh,79
ahej,79
aihc,79
aiih,79
ajbd,79
abaj,80
abda,80
accd,80
adeb,80
afii,80
ahed,80
aiea,80
ajca,80
aafb,81
aahj,81
acci,81
aceb,81
acfd,81
aegg,81
aegi,81
ahdc,81
aihh,81
adef,82
afba,82
afbh,82
afhd,82
agec,82
aibi,82
abdb,83
acgc,83
adhj,83
aege,83
aejh,83
ahbg,83
ahgc,83
aici,83
aiec,83
ajdb,83
aaef,84
aaga,84
aajb,84
abff,84
abib,84
accf,84
achb,84
aeca,84
aeeh,84
afda,84
aiae,84
ajhi,84
ajjj,84
aach,85
aafa,85
abac,85
afad,85
afjd,85
ageg,85
agje,85
aige,85
aacj,86
abfc,86
abjd,86
adhd,86
aegh,86
afjc,86
agdd,86
agid,86
agja,86
ahah,86
ahgh,86
ahjg,86
ajdf,86
ajej,86
ajib,86
aafg,87
aaib,87
abad,87
acdb,87
affa,87
ahbh,87
aiag,87
abcb,88
abig,88
acja,88
aejg,88
agbf,88
agcd,88
aggf,88
ahba,88
ahff,88
ahji,88
aihb,88
aagb,89
abgg,89
abhd,89
adfg,89
agfh,89
ahde,89
ahef,89
adgd,90
aecb,90
aedh,90
aefa,90
agae,90
aiii,90
ajac,90
ajeh,90
ajhg,90
aahf,91
abjf,91
acib,91
aeff,91
afbj,91
afje,91
agbi,91
ahge,91
ahhd,91
ajed,91
abaf,92
aegf,92
afbe,92
afjh,92
ahfa,92
aiia,92
abfe,93
acee,93
achf,93
adae,93
aeaf,93
aefj,93
aggh,93
ahia,93
aihi,93
ajaf,93
aaha,94
abha,94
abhe,94
acgb,94
adbg,94
adde,94
aebh,94
aejf,94
afef,94
afeg,94
aihd,94
aiif,94
ajbc,94
adgc,95
affb,95
afic,95
afjb,95
agci,95
ahcf,95
ahea,95
aijg,95
ajjd,95
aaih,96
abaa,96
abed,96
aegj,96
aeid,96
afjf,96
aheh,96
ahgg,96
abic,97
acfj,97
adbb,97
adeh,97
aeba,97
aebd,97
aejd,97
afbb,97
afeh,97
agai,97
agji,97
ahfi,97
aifh,97
aigg,97
ajcd,97
ajeg,97
abcc,98
acea,98
aeai,98
aehi,98
afid,98
aged,98
agff,98
agij,98
aibe,98
aidd,98
ajcg,98
aabi,99
aafh,99
abdh,99
abej,99
adca,99
adeg,99
aecd,99
ahdh,99
ajfh,99
aadi,100
aaee,100
aaii,100
acgg,100
adac,100
adge,100
aehb,100
agga,100
aiff,100
aijd,100
ajja,100
ajje,100
