gddh,1
gded,1
gfgf,1
ggbg,1
ghae,1
gihg,1
gadg,2
gaeh,2
gagb,2
gccg,2
gcfe,2
gdaa,2
gdff,2
gedd,2
gfee,2
ghbg,2
ghji,2
gidb,2
giji,2
gebf,3
geic,3
gfgd,3
ggjb,3
ggji,3
gibg,3
gidc,3
gjjd,3
gbef,4
gcba,4
gcdc,4
gcde,4
gcfh,4
gdee,4
gfea,4
ggca,4
ghbd,4
ghgg,4
ghhc,4
gjhh,4
gjii,4
gafb,5
gafd,5
gbaj,5
gbgh,5
gbia,5
gdjd,5
gejd,5
gfaf,5
ghfc,5
gijd,5
gjib,5
gjij,5
gagc,6
gcij,6
gdde,6
gffj,6
ghfd,6
gjaa,6
gafg,7
gahg,7
gbeg,7
gbgg,7
gcbf,7
gcbg,7
gcdd,7
gcff,7
gdea,7
ghad,7
giei,7
gihj,7
gagj,8
gbca,8
gdjc,8
gehh,8
geid,8
gfdh,8
gffd,8
gfge,8
gfgi,8
gfig,8
ggda,8
ghia,8
giie,8
gaad,9
gaae,9
gaei,9
gcjg,9
gdhb,9
gfcd,9
gidh,9
gjfa,9
gaff,10
gcbb,10
gcje,10
gdhe,10
gdie,10
gefi,10
gfbj,10
gfic,10
ggaf,10
ggah,10
ggcf,10
gghf,10
gigj,10
gjdc,10
gdbb,11
gdbi,11
gfbf,11
gfbi,11
gfha,11
ggbf,11
ghfi,11
gibd,11
gifh,11
gaec,12
gcbc,12
gcej,12
gdfd,12
gdjh,12
gdji,12
gfbh,12
gfhb,12
ggfd,12
ggfe,12
ghhb,12
gcaj,13
gdcj,13
gdja,13
gfjb,13
ggac,13
gjah,13
gaac,14
gaaf,14
gaib,14
gbei,14
gccb,14
gcch,14
geeb,14
gfhj,14
ghaf,14
ghee,14
giaa,14
gafc,15
gbbj,15
gbga,15
gcbd,15
gdei,15
gdfj,15
gghd,15
ghbi,15
gheh,15
gijj,15
gjai,15
gaje,16
gbed,16
gbig,16
gbjd,16
gchb,16
gjjg,16
gbfc,17
gbgf,17
gcad,17
gcdi,17
gcjf,17
gecb,17
gfid,17
ghaj,17
ghci,17
gicd,17
gjcg,17
gaaa,18
gacd,18
gcah,18
gccc,18
ggfa,18
ggib,18
ggjh,18
giad,18
gica,18
gifd,18
gige,18
gjcj,18
gacb,19
gbbd,19
gbhd,19
gdah,19
gdid,19
ggbe,19
ghdc,19
ghdf,19
ghii,19
gjja,19
gabc,20
gcfi,20
gdhg,20
gehe,20
gfef,20
gffc,20
ggab,20
ggde,20
ggfh,20
gghg,20
ggig,20
ghah,20
gicf,20
gied,20
gjff,20
gjhb,20
gbfg,21
gbii,21
gcea,21
gdig,21
gfce,21
ggaa,21
ggfg,21
ghcc,21
gibj,21
gjei,21
gjje,21
gbbb,22
gbhg,22
geae,22
gehg,22
gfdf,22
gghe,22
ghfj,22
giaj,22
gihd,22
gbeh,23
gcbi,23
gcjb,23
gdac,23
gfbe,23
ghhj,23
gagf,24
gaig,24
gbae,24
gbcf,24
gcaf,24
gcfb,24
gebj,24
geeh,24
gega,24
gegj,24
ggag,24
ggba,24
ghjj,24
gifb,24
gija,24
gagd,25
gahd,25
gdbh,25
gdch,25
gdjb,25
gifc,25
gigb,25
gjag,25
gaea,26
gcfc,26
gchc,26
gdcf,26
gdci,26
gddg,26
gdii,26
gegh,26
gjef,26
gcab,27
gcgb,27
gdbf,27
gddb,27
gdfi,27
geaf,27
gfda,27
gfij,27
ggcd,27
ggje,27
ghhd,27
giif,27
gbfi,28
gech,28
gedg,28
gfah,28
gfgh,28
ghig,28
gbfh,29
gefe,29
ggie,29
gjec,29
gjga,29
gbac,30
gbah,30
gcce,30
gdba,30
gdca,30
gdhd,30
gdic,30
gecj,30
giea,30
gigc,30
gfjf,31
ggei,31
ghcg,31
giec,31
giej,31
gihf,31
gjjh,31
gced,32
gcjc,32
ggea,32
ggfi,32
ghbh,32
giaf,32
gigd,32
gjbg,32
gjjb,32
gbch,33
gbdc,33
gbjg,33
gcga,33
gcie,33
gefb,33
ghed,33
ghgd,33
gjcc,33
gjdj,33
gjej,33
gjgc,33
gbcj,34
gcge,34
gcja,34
geed,34
gfbg,34
ggdj,34
ggfb,34
ghfa,34
gibb,34
gjfb,34
gjjf,34
gaji,35
gbjc,35
gcig,35
gdfh,35
geci,35
gehb,35
gfeh,35
ggec,35
ggic,35
ghab,35
gbbe,36
gcdb,36
gcif,36
gedi,36
gfga,36
ggjg,36
gieg,36
gjia,36
gbdi,37
gcgc,37
gdab,37
geca,37
ggdc,37
ggga,37
ghaa,37
giii,37
gbje,38
gddj,38
gdfc,38
ggaj,38
giib,38
gjgd,38
gcee,39
gdae,39
gdbe,39
gdif,39
giha,39
gjge,39
gbbf,40
gcgf,40
gddf,40
gdeb,40
geea,40
ggeh,40
gggg,40
ggia,40
ghcb,40
gjab,40
gjbc,40
gjeg,40
gjgb,40
gjha,40
gbaa,41
gbif,41
gdgc,41
gdgh,41
gdhh,41
geab,41
geah,41
geej,41
gfab,41
ggbi,41
ghif,41
gjfd,41
gaci,42
gdbj,42
gfjg,42
ggjc,42
gidd,42
gjbi,42
gjji,42
gace,43
gacj,43
gadi,43
gbcb,43
gbdh,43
gbgj,43
gbjj,43
gdag,43
ggcc,43
ghhh,43
gibi,43
gicb,43
gagh,44
gbff,44
gbie,44
gbij,44
gbjh,44
gecd,44
gedf,44
gedh,44
gegi,44
gfjh,44
gijc,44
gbad,45
gbfd,45
gcae,45
gceh,45
gdfb,45
gdhf,45
gegd,45
gfgb,45
gghb,45
ghec,45
ghhe,45
giah,45
gijh,45
gjbb,45
gaeb,46
gaed,46
gcfd,46
gdib,46
gefd,46
gegb,46
gfeg,46
gfhe,46
giig,46
gahe,47
gaii,47
gbea,47
geag,47
gefa,47
gfad,47
ggif,47
gjbf,47
gafj,48
gbab,48
gbba,48
gbcg,48
gbib,48
gcjh,48
gdga,48
gebb,48
gecc,48
ggad,48
ghcf,48
ghch,48
gihh,48
gaee,49
gdgd,49
gfdb,49
gghi,49
ggih,49
ggjj,49
gigg,49
gafh,50
gahb,50
gajc,50
gcbh,50
gcfj,50
gddc,50
gfdi,50
gfjj,50
ggbb,50
gghj,50
gjaj,50
gjfj,50
gacf,51
gchd,51
gdgi,51
gdhi,51
gead,51
gegc,51
geij,51
gejj,51
ggij,51
gjic,51
gaba,52
gabd,52
gcia,52
gfbd,52
ggeb,52
ghgh,52
gigf,52
gahc,53
gebi,53
ggai,53
ggci,53
ggef,53
ghfg,53
gjdh,53
gaah,54
gabg,54
gaeg,54
gahf,54
gcag,54
gcai,54
gcha,54
gddd,54
gfcg,54
gfgc,54
ghdb,54
ghdg,54
gicc,54
giid,54
gjbd,54
gjeb,54
gahi,55
gbee,55
gccf,55
gcgj,55
gdaj,55
gdeh,55
gdjg,55
gefj,55
geja,55
gfae,55
gida,55
gjea,55
gbdf,56
gcda,56
gcjj,56
gejg,56
gfcf,56
gfej,56
gffe,56
ggfc,56
ggjf,56
gijg,56
gjac,56
gjgh,56
gjhf,56
gabf,57
gajg,57
gbcc,57
gbcd,57
gbci,57
gbhb,57
gcdh,57
gdjj,57
gefc,57
ggcg,57
ghef,57
gjcd,57
gjig,57
gabj,58
gdfe,58
gdgb,58
gfib,58
gfji,58
gadb,59
gbbh,59
gbgi,59
gddi,59
geef,59
gfaa,59
ggch,59
gheb,59
ghgb,59
gjee,59
gjfh,59
gjgg,59
gafa,60
gbhi,60
gbic,60
gchj,60
gdai,60
gebd,60
gfhd,60
ghce,60
ghde,60
ghjg,60
gigi,60
gchi,61
gfag,61
gfcc,61
gffh,61
gghh,61
ghbe,61
gihe,61
gijf,61
gjae,61
gjgf,61
gaha,62
gdcd,62
geaa,62
gehf,62
gfca,62
gggi,62
gidi,62
gjca,62
gaid,63
gehd,63
gfbb,63
gffg,63
gfhi,63
ggge,63
ghga,63
giae,63
gbih,64
gchf,64
gdbd,64
gdge,64
gfai,64
gfdd,64
ghff,64
ghid,64
gaai,65
gach,65
gbda,65
gdcc,65
gdce,65
gfcb,65
gfie,65
gfif,65
ghgi,65
gibf,65
gidf,65
gifa,65
gjhe,65
gagg,66
geac,66
ggce,66
ggcj,66
ggii,66
ghbb,66
ghej,66
ghje,66
gijb,66
gjcb,66
gjdg,66
gjgi,66
gjhj,66
gade,67
gadj,67
gahj,67
gcgh,67
geai,67
gebe,67
gecg,67
gffi,67
ggdf,67
ghbf,67
ghbj,67
giba,67
gicg,67
gbbg,68
gbbi,68
gbec,68
gfdc,68
gfdg,68
gfje,68
gggf,68
gggj,68
ghag,68
gice,68
gicj,68
giij,68
gjaf,68
gjbj,68
gjhd,68
gbdg,69
gefg,69
ggjd,69
ghba,69
ghib,69
ghjh,69
gaie,70
gbbc,70
gcjd,70
gedc,70
gehj,70
ghfb,70
ghhf,70
gjce,70
gjdf,70
gjih,70
gdjf,71
geha,71
geji,71
gfjc,71
gghc,71
gide,71
gifi,71
gabe,72
gagi,72
gaic,72
gbjf,72
gceb,72
gecf,72
ggdd,72
gjba,72
gbfb,73
gbgc,73
gbhe,73
gbid,73
gdaf,73
gdje,73
ggdb,73
ggff,73
ggfj,73
gggd,73
ggja,73
gidg,73
gjfg,73
gafi,74
gbej,74
gece,74
geee,74
ghai,74
ghjd,74
giai,74
gihi,74
gabh,75
gafe,75
gbai,75
ghgc,75
ghie,75
gacg,76
gada,76
gaja,76
gbaf,76
gbce,76
gbji,76
gcfa,76
gfch,76
gfcj,76
gfhc,76
ghcd,76
gibh,76
gaih,77
gbfj,77
gcid,77
geii,77
gfgg,77
gfhf,77
ggcb,77
ggdi,77
gifj,77
gjde,77
gaaj,78
gccj,78
gdcg,78
gdha,78
gfgj,78
gfii,78
ggbh,78
ggbj,78
gged,78
giga,78
giia,78
gjch,78
gjci,78
gaag,79
gbhc,79
gbhh,79
gccd,79
gcef,79
geba,79
gfih,79
ggae,79
ghfh,79
ghih,79
gich,79
gcbj,80
gcei,80
gdad,80
gdda,80
gdeg,80
geie,80
gfbc,80
gfhg,80
ggej,80
ghdh,80
ghdj,80
gieb,80
gief,80
gadc,81
gajh,81
gajj,81
gchg,81
ggha,81
gjcf,81
gjjj,81
gajd,82
gbfe,82
gcbe,82
gcdg,82
gdia,82
geff,82
ggdg,82
ghjb,82
gaef,83
gcic,83
geib,83
geif,83
gfed,83
gfei,83
ghca,83
ghha,83
ghhg,83
giic,83
gjdb,83
gjdi,83
gcji,84
gejh,84
gfdj,84
gfja,84
ghhi,84
giab,84
gbeb,85
gbge,85
gcih,85
geda,85
gehi,85
ggbd,85
ghcj,85
gbhf,86
gcaa,86
gdhj,86
gfac,86
ghbc,86
ghgf,86
gjid,86
gaab,87
gbhj,87
gbjb,87
gcgg,87
gebh,87
giag,87
gcdj,88
gcgd,88
gchh,88
gcib,88
gdgg,88
geeg,88
gegg,88
ggee,88
ggeg,88
ghei,88
giac,88
gici,88
gadd,89
gbfa,89
gehc,89
ghdd,89
gifg,89
gihb,89
gihc,89
gadf,90
gage,90
gceg,90
gdej,90
gdfg,90
gdhc,90
geig,90
gfjd,90
ghij,90
giee,90
gigh,90
gjeh,90
gajb,91
gcii,91
gdef,91
gfci,91
gfhh,91
gggb,91
ghdi,91
gibc,91
gjfe,91
gabi,92
gajf,92
gbgb,92
gbja,92
gfff,92
ghic,92
gieh,92
giff,92
gjda,92
gaga,93
gbde,93
gcca,93
geec,93
ghac,93
gife,93
gjgj,93
gjif,93
gabb,94
gacc,94
gbdd,94
gebc,94
gedj,94
gejf,94
ghgj,94
gjed,94
gjhg,94
gbdj,95
gdbc,95
gefh,95
ggbc,95
ggdh,95
gjad,95
gjbh,95
gaia,96
gcgi,96
gdcb,96
gdfa,96
gedb,96
gejc,96
geje,96
gfde,96
gffa,96
gffb,96
gggh,96
ggid,96
ghda,96
ghea,96
giih,96
gjjc,96
gaca,97
gadh,97
gaej,97
gaij,97
gbdb,97
gcec,97
geaj,97
geei,97
gfaj,97
gggc,97
ghfe,97
gibe,97
gije,97
gjfi,97
gjhi,97
gjie,97
gaif,98
gbag,98
gcci,98
gdgj,98
gede,98
gfba,98
gfec,98
gfia,98
ghjf,98
gidj,98
gjbe,98
gjfc,98
gjhc,98
gbgd,99
gbha,99
gche,99
gdgf,99
gdih,99
gdij,99
gebg,99
gege,99
gfeb,99
gheg,99
ghge,99
gjdd,99
gahh,100
gcac,100
gcdf,100
gcfg,100
gdbg,100
gdec,100
gegf,100
geia,100
geih,100
gejb,100
ghja,100
ghjc,100
