dbej,1
dbfa,1
dbid,1
ddic,1
dfac,1
dffa,1
dfia,1
djac,1
djhb,1
dcbc,2
dcdi,2
ddch,2
ddee,2
degj,2
dgbc,2
dhdc,2
djai,2
dabe,3
daeb,3
dcgg,3
dcgi,3
dfhe,3
dghc,3
dgjh,3
dhid,3
dahd,4
dcdd,4
ddhe,4
ddje,4
debi,4
debj,4
deic,4
deij,4
dfca,4
dgcc,4
dgfb,4
dhfj,4
dafi,5
daic,5
dbed,5
dbfe,5
dbih,5
dceb,5
ddah,5
defc,5
dgcg,5
dhdd,5
diib,5
djeb,5
daad,6
dadg,6
dbhj,6
dehh,6
dfhi,6
didd,6
died,6
digj,6
dheh,7
dhhc,7
diag,7
difg,7
djde,7
djha,7
dfaj,8
diic,8
djad,8
dage,9
daja,9
dcde,9
dece,9
dgea,9
dhib,9
diea,9
difd,9
djaf,9
dbjd,10
dcga,10
dcgc,10
ddhb,10
dedg,10
deeb,10
dfda,10
dfee,10
dgbe,10
dged,10
dhfc,10
dici,10
djfi,10
dbhi,11
dbie,11
dbij,11
ddja,11
ddjg,11
dede,11
dfcc,11
dfdd,11
dffd,11
dicb,11
dafg,12
dbdh,12
dcbf,12
dcjc,12
dehc,12
dehg,12
dfce,12
dfje,12
dgdc,12
dhgj,12
digb,12
dihf,12
djec,12
djjc,12
dbba,13
dcbh,13
dchj,13
ddjb,13
dgdg,13
dgia,13
dhei,13
dhhh,13
dibj,13
diie,13
djfc,13
djig,13
djjd,13
degb,14
dfgj,14
dfid,14
dgfc,14
dgif,14
dhcd,14
diah,14
dibb,14
didg,14
diij,14
djgh,14
djjb,14
dbdi,15
dbfi,15
dcfh,15
dcjg,15
dddg,15
ddge,15
ddgj,15
ddih,15
decb,15
dfdj,15
dide,15
dihd,15
dabj,16
daff,16
daif,16
dcbg,16
dead,16
decc,16
dfgh,16
dfjc,16
dgae,16
dgaf,16
dhji,16
diha,16
dbbd,17
dcdb,17
ddea,17
ddgf,17
degh,17
diff,17
dige,17
djaa,17
daci,18
dcgf,18
dedf,18
dgbj,18
dgcj,18
dhce,18
dhci,18
dhdh,18
diei,18
djia,18
djic,18
dcac,19
dcci,19
ddfe,19
ddif,19
dgij,19
dhdi,19
dhee,19
dhjd,19
digf,19
djbb,19
djhd,19
ddff,20
decf,20
dfci,20
dfhj,20
dfjd,20
dgfh,20
dhfe,20
dhja,20
dcae,21
ddie,21
defd,21
dgjb,21
dhbj,21
dhec,21
diai,21
didh,21
diee,21
djgd,21
dfae,22
dgbf,22
dgfg,22
dhbe,22
dhgb,22
diji,22
djge,22
djgi,22
dagj,23
dbai,23
dbgd,23
dbja,23
dcca,23
dcfg,23
ddda,23
ddfb,23
ddhc,23
dffj,23
didf,23
djij,23
dafd,24
dbac,24
dbfc,24
dcje,24
ddij,24
deea,24
dfdh,24
dfef,24
dfff,24
dhbc,24
dhbd,24
diaa,24
dahc,25
dbaf,25
dbge,25
dcag,25
dced,25
dcic,25
ddbb,25
dddh,25
defh,25
dejf,25
dghd,25
dgjc,25
dhgh,25
dhhf,25
diej,25
dijc,25
dahj,26
dchb,26
dcie,26
ddbc,26
dhch,26
dhde,26
djcb,26
djja,26
dahb,27
dbeb,27
dbeh,27
ddhj,27
ddid,27
ddii,27
deda,27
dehb,27
dfag,27
dgid,27
dhfa,27
djea,27
dbdf,28
ddhi,28
dedj,28
deef,28
dhaa,28
dihi,28
daga,29
daih,29
dcgb,29
ddgh,29
dfhh,29
dgbd,29
dgfj,29
dhej,29
didc,29
djdh,29
djie,29
dagd,30
dfai,30
dgeh,30
dhad,30
diad,30
dice,30
digh,30
daei,31
decd,31
dejh,31
dfea,31
dfge,31
dfha,31
dgeg,31
dhhi,31
dafa,32
dcge,32
dcij,32
decj,32
dehf,32
dfaa,32
dfdc,32
djci,32
djff,32
djhh,32
djjj,32
dbbg,33
dbcd,33
dbcg,33
dbgf,33
ddde,33
ddfc,33
ddgc,33
dehd,33
dfah,33
dgii,33
dhaj,33
dhhj,33
dhig,33
djfd,33
djhe,33
daec,34
dbje,34
dcda,34
ddaa,34
ddca,34
dfdg,34
dieb,34
dieg,34
djje,34
djjf,34
dbif,35
dcai,35
deeg,35
deib,35
dfjj,35
dhbi,35
didj,35
djef,35
djfb,35
dbah,36
dbdc,36
dceg,36
ddce,36
dddb,36
defi,36
degc,36
dfch,36
dibd,36
difc,36
daaj,37
dacf,37
dbab,37
dbjj,37
dchh,37
dcig,37
dfcb,37
dfdi,37
dfeh,37
dfig,37
dgjd,37
dhbg,37
diaj,37
didi,37
djbi,37
dach,38
dagc,38
dbfh,38
dcid,38
ddei,38
ddhg,38
debh,38
deii,38
dfab,38
dghg,38
dghh,38
dhic,38
dija,38
djab,38
daia,39
dbeg,39
dcbj,39
dcei,39
dcfa,39
dcha,39
ddcb,39
ddcg,39
deej,39
dbca,40
ddgd,40
defg,40
deja,40
dgib,40
dhjf,40
dica,40
djfh,40
daej,41
dajc,41
dbae,41
dbbe,41
dcad,41
dcfj,41
ddaj,41
dghi,41
dhae,41
dhag,41
dijf,41
djdg,41
daae,42
dahf,42
dbef,42
dbjg,42
defj,42
dfjg,42
dgjj,42
dhaf,42
dhcg,42
dhdf,42
dhgg,42
dihh,42
dijd,42
djbd,42
dafc,43
dbee,43
dcia,43
dcjf,43
dded,43
ddia,43
deab,43
dedb,43
dedd,43
dfad,43
dfcj,43
dfga,43
dgab,43
dgdi,43
dhef,43
dheg,43
dijb,43
dabi,44
dadh,44
dahg,44
dbff,44
dbgi,44
dbjc,44
dfec,44
dgai,44
dgaj,44
dhbb,44
dheb,44
dcch,45
ddad,45
ddcd,45
ddeg,45
deha,45
dfif,45
dhdb,45
dhhb,45
djib,45
djjh,45
dajj,46
dcah,46
dcgd,46
ddac,46
deed,46
dejb,46
dfde,46
dfjf,46
dgbh,46
dgie,46
dahh,47
dbcf,47
deih,47
dhdg,47
djcj,47
djji,47
daai,48
dabg,48
dcih,48
ddhh,48
diec,48
djdb,48
dadc,49
dajf,49
dbec,49
dchd,49
dfbh,49
dffh,49
daca,50
dahe,50
dbgg,50
dccc,50
dche,50
deci,50
dfcg,50
dijj,50
djfa,50
dacb,51
dajg,51
dcba,51
ddbf,51
ddbh,51
ddci,51
ddhd,51
dedi,51
degi,51
dfdb,51
dhea,51
dihb,51
daba,52
daij,52
daje,52
dcce,52
degg,52
deid,52
dffg,52
dgge,52
djae,52
dagf,53
ddeh,53
dfdf,53
dgec,53
digc,53
diid,53
djhg,53
dadj,54
dedh,54
defa,54
dgaa,54
dhfb,54
dhha,54
dicd,54
dacj,55
dcej,55
dcif,55
dddc,55
deie,55
dgfd,55
dggb,55
difh,55
djbc,55
dcgj,56
ddjj,56
dege,56
dgci,56
dghe,56
dhfi,56
dcdf,57
ddeb,57
ddfh,57
dega,57
dgdj,57
dgjg,57
dhif,57
diaf,57
dihe,57
djca,57
daah,58
dadb,58
dcaf,58
dfib,58
dgce,58
dgee,58
difb,58
djfg,58
djjg,58
dahi,59
dbji,59
dcec,59
defe,59
dffi,59
dgei,59
dijh,59
dafe,60
dbjb,60
dchc,60
deba,60
debd,60
dfba,60
dgcd,60
dghf,60
dhjh,60
dijg,60
djeh,60
djgg,60
dbbb,61
dcdg,61
dcfb,61
debb,61
deca,61
dffc,61
dfhc,61
dfji,61
dhfh,61
dicj,61
deif,62
dgac,62
dgdb,62
dgef,62
dhjc,62
dabd,63
dade,63
dbbi,63
dbib,63
ddbe,63
dfbd,63
dgfe,63
dife,63
djbg,63
dacg,64
dbgj,64
dcbb,64
dgah,64
dhcf,64
daeh,65
daie,65
dcbe,65
deac,65
deei,65
deff,65
dfbj,65
dggh,65
dhab,65
dhih,65
dieh,65
daee,66
dagh,66
dbbc,66
dccd,66
ddji,66
dgad,66
dgdh,66
diia,66
daji,67
dbag,67
dbdg,67
dbfj,67
deai,67
decg,67
dgih,67
dhda,67
dhje,67
dida,67
dief,67
diga,67
djbf,67
dadd,68
dbda,68
dbjf,68
dcbi,68
ddbj,68
dddd,68
deaf,68
dgcf,68
dhhg,68
dhjb,68
dibe,68
difj,68
djce,68
djfe,68
dbce,69
dbdb,69
dcii,69
dcjj,69
ddba,69
deee,69
deig,69
dfgb,69
dfie,69
dggf,69
dhbf,69
diab,69
diig,69
ddfd,70
debc,70
dejc,70
dfhf,70
dgfi,70
dhii,70
digg,70
diif,70
daha,71
dajb,71
dbcb,71
dbch,71
ddjc,71
deaj,71
dfgf,71
dhbh,71
dhfd,71
dhhe,71
diih,71
djag,71
djdi,71
daed,72
dagg,72
dbii,72
dcea,72
ddfa,72
dech,72
dehe,72
dfaf,72
dfei,72
dfih,72
dgff,72
dgje,72
djbe,72
dace,73
dbad,73
dbci,73
dbfb,73
dbhg,73
dejg,73
dfcd,73
dfej,73
dgbg,73
dgha,73
dhba,73
djcf,73
djcg,73
dbbj,74
ddcf,74
ddec,74
ddfi,74
dedc,74
dfgc,74
dfgd,74
dfhd,74
dggj,74
dhed,74
dhhd,74
dabf,75
dafh,75
dajh,75
dcef,75
dchg,75
dejd,75
dejj,75
dfeg,75
dffb,75
ddgg,76
ddhf,76
dehj,76
dfbg,76
dfed,76
dfhb,76
dgej,76
dibf,76
diii,76
djii,76
dbaj,77
defb,77
dfbb,77
dgjf,77
dich,77
difa,77
dbhh,78
dbia,78
dcfe,78
dcjh,78
ddab,78
ddae,78
ddcj,78
ddha,78
debg,78
dfgg,78
dgeb,78
dhah,78
dhdj,78
dhgf,78
dbic,79
dcjb,79
ddjh,79
dgde,79
dggg,79
dhff,79
dhge,79
dhie,79
djch,79
djei,79
dacd,80
daea,80
dafb,80
dbha,80
dbhd,80
deje,80
dgdf,80
dhai,80
dicc,80
daag,81
dabb,81
dafj,81
daid,81
dcbd,81
dfbe,81
dihg,81
djcd,81
djda,81
djdd,81
djed,81
dbei,82
dbgb,82
deah,82
degd,82
dehi,82
dhcb,82
djgj,82
djid,82
daac,83
dbbf,83
dbhb,83
ddai,83
dgba,83
djba,83
djhj,83
dbjh,84
dccf,84
dddf,84
djcc,84
djdc,84
djhf,84
dbhf,85
dcdc,85
dcdh,85
dcee,85
ddjf,85
dgda,85
didb,85
djah,85
djif,85
dada,86
dccg,86
dcib,86
ddga,86
dggi,86
dhcj,86
dhfg,86
djga,86
djih,86
daaf,87
dbhe,87
dcaj,87
dcji,87
dfjb,87
dgag,87
dgcb,87
dhac,87
diac,87
djdf,87
djej,87
djhc,87
daef,88
dbea,88
dbga,88
dbgc,88
dcfd,88
dddi,88
ddef,88
debe,88
djgc,88
daaa,89
dbbh,89
dbdj,89
dcja,89
deec,89
dfjh,89
dgga,89
dhij,89
djfj,89
dagb,90
daib,90
daii,90
dbhc,90
dcab,90
dccb,90
debf,90
dfcf,90
dggc,90
dhca,90
dije,90
djbj,90
djgb,90
dabh,91
dadf,91
dbdd,91
dbgh,91
dhjj,91
digi,91
dacc,92
deag,92
dibg,92
dibi,92
dihc,92
djbh,92
dabc,93
dcgh,93
ddag,93
ddgi,93
deae,93
dfii,93
dgbi,93
dgca,93
dgji,93
dhcc,93
dhia,93
dicg,93
difi,93
dbde,94
ddbd,94
deaa,94
deji,94
dfbc,94
dfgi,94
dfic,94
dghb,94
djdj,94
djgf,94
daab,95
dbfg,95
dcdj,95
ddaf,95
ddej,95
ddfg,95
ddjd,95
dfja,95
dgja,95
dhgi,95
diae,95
dagi,96
daig,96
dbcc,96
dbfd,96
dccj,96
dcfc,96
dcfi,96
dchi,96
ddgb,96
deia,96
dfeb,96
dfij,96
dghj,96
dhjg,96
digd,96
djhi,96
dbaa,97
dbig,97
dchf,97
dddj,97
ddfj,97
dfhg,97
dgbb,97
daeg,98
dcjd,98
ddcc,98
deeh,98
degf,98
dfbi,98
dgdd,98
dgig,98
diba,98
dibc,98
djee,98
dajd,99
dbcj,99
dcaa,99
dcff,99
ddbi,99
ddig,99
dgch,99
dgfa,99
dgic,99
dhga,99
dicf,99
dihj,99
djaj,99
djeg,99
dadi,100
dceh,100
ddbg,100
ddib,100
dfbf,100
dffe,100
dggd,100
dhgc,100
dhgd,100
dibh,100
