eaec,1
eahf,1
ebbd,1
ebgf,1
ebje,1
eche,1
edac,1
efid,1
eiej,1
edde,2
edgj,2
edhj,2
ehgi,2
ehjc,2
eida,2
eaga,3
ebfa,3
ebjb,3
ecdb,3
ecie,3
edfg,3
egce,3
efjg,4
ehhh,4
eiag,4
ejgi,4
each,5
ecbd,5
edcd,5
eeib,5
eeif,5
egdi,5
eghh,5
ehaj,5
ehef,5
eibf,5
eibg,5
ejef,5
ejeh,5
eajg,6
ebdi,6
echd,6
eddb,6
eddd,6
efcd,6
egch,6
egdb,6
ehgj,6
eija,6
ejbg,6
eahb,7
eahd,7
ecjh,7
edge,7
edie,7
efcb,7
effb,7
effg,7
ehcb,7
eadf,8
ecge,8
ecgh,8
edca,8
edcc,8
eeja,8
efag,8
efch,8
eggj,8
eiii,8
eahg,9
ebbi,9
eebe,9
efci,9
egcj,9
egfe,9
egga,9
eghg,9
ehfe,9
ejcg,9
ebjd,10
ebjg,10
echf,10
ecic,10
edcg,10
eeai,10
efaj,10
egah,10
egaj,10
egcc,10
eheh,10
ehgf,10
ejbi,10
eaba,11
eabh,11
eaif,11
ebcf,11
eddh,11
eefg,11
eefj,11
ehag,11
eihf,11
ejha,11
eadb,12
eaei,12
ecbj,12
ecef,12
ecfg,12
edff,12
eegd,12
eejg,12
effe,12
ehbb,12
ehfb,12
eaed,13
ecba,13
eeic,13
eghf,13
egic,13
ehbe,13
eiji,13
ejbj,13
ecbb,14
ecih,14
eedj,14
efei,14
egea,14
egee,14
eiih,14
ejic,14
ejje,14
ecfc,15
eeab,15
eejj,15
efbc,15
efgc,15
efha,15
ehcg,15
ehee,15
eihg,15
ejfg,15
eaaf,16
eabg,16
eagb,16
ebaj,16
ecah,16
edjh,16
efhh,16
egad,16
egfj,16
ejcb,16
ejgb,16
eabb,17
eaie,17
eaja,17
ecid,17
edcf,17
eedb,17
efgd,17
egbf,17
ehbj,17
ehje,17
eijj,17
ejhj,17
ejjh,17
ebbb,18
eccf,18
edba,18
eeaj,18
efee,18
efig,18
egbb,18
egbg,18
egig,18
egjf,18
ehfg,18
eibh,18
eiha,18
eiid,18
eiij,18
ejhb,18
eahe,19
eajf,19
ebij,19
ecij,19
eedc,19
efgj,19
efjf,19
ehej,19
ehgg,19
ehif,19
eigf,19
eabf,20
eahj,20
ebaf,20
ebdh,20
ecaf,20
eech,20
egaa,20
egjc,20
eief,20
eihe,20
eaff,21
ebad,21
ebgi,21
eehd,21
ehgd,21
ejad,21
eaea,22
efda,22
effc,22
efgg,22
efji,22
egbd,22
eghj,22
egii,22
ehia,22
eice,22
eiie,22
ebda,23
ebhd,23
edci,23
edcj,23
egdd,23
ehfh,23
ehgb,23
ejgf,23
eaae,24
eafh,24
ebce,24
ebdd,24
ebfh,24
ecfj,24
edia,24
edid,24
eebd,24
egaf,24
eggb,24
ehff,24
eiba,24
eigj,24
ejbc,24
ejgc,24
eahc,25
ebcb,25
edei,25
eecc,25
eedh,25
effi,25
eihb,25
eiif,25
ejdj,25
ecgc,26
ecgj,26
edii,26
eeca,26
eeeh,26
efeb,26
egej,26
egib,26
ehaf,26
ehca,26
eaaa,27
ebbh,27
edbd,27
eedf,27
eegf,27
egfi,27
ehed,27
ehfd,27
ehjd,27
eijf,27
ejdb,27
ejie,27
eaah,28
eacj,28
eade,28
ebfj,28
ecgb,28
echi,28
ecii,28
edfa,28
eeeg,28
efba,28
efga,28
efih,28
ehij,28
eiaj,28
ejdd,28
eagj,29
ebch,29
ecad,29
ecdd,29
ecfb,29
eead,29
efje,29
egha,29
eafg,30
ebjj,30
ecfa,30
echj,30
efde,30
egeg,30
egia,30
ehbh,30
ehde,30
ejdh,30
eagc,31
ebhf,31
ecde,31
eefb,31
efhi,31
egeh,31
ehbc,31
eidj,31
ejag,31
ejcd,31
eaac,32
edaa,32
edec,32
edij,32
eeed,32
efdd,32
ehci,32
ehdb,32
eifd,32
eifh,32
ejci,32
eadc,33
ecbc,33
echb,33
edjc,33
effd,33
effh,33
ejfi,33
eafa,34
eaii,34
eajc,34
ebba,34
edai,34
edch,34
eeaf,34
eeah,34
efic,34
ehei,34
ejai,34
ejaj,34
ejii,34
eadi,35
eagd,35
ebea,35
ebha,35
edbj,35
edgf,35
edig,35
eeej,35
eejb,35
eejh,35
efad,35
efhb,35
eghd,35
ehdi,35
ehji,35
eibd,35
ejji,35
edef,36
eeie,36
efaa,36
egab,36
egjj,36
ejcc,36
ebbe,37
ebec,37
edah,37
edaj,37
edbb,37
edhe,37
edic,37
egba,37
ehah,37
eiei,37
eife,37
ejjg,37
ecja,38
eebc,38
eefh,38
eegg,38
efdc,38
egcf,38
ehgh,38
eiig,38
ejed,38
eaig,39
ebcj,39
ebfd,39
ebib,39
efjc,39
egai,39
ejja,39
eaej,40
ebeb,40
edjf,40
efjj,40
egfb,40
ehcf,40
eiac,40
eidh,40
ejjj,40
eceb,41
eefe,41
egfd,41
egjh,41
ehdh,41
ehec,41
eiad,41
eijd,41
eacf,42
eagg,42
eaji,42
edhi,42
eega,42
eeii,42
efai,42
efij,42
ehjj,42
eahi,43
eajj,43
ebbc,43
ebdg,43
ebid,43
ebjf,43
ebjh,43
ecai,43
eded,43
edhd,43
eeea,43
eeff,43
ehab,43
ejhd,43
eafe,44
eccj,44
eddj,44
eecb,44
efab,44
efce,44
efgf,44
ehbg,44
ehbi,44
ehge,44
ehjb,44
eibb,44
eihd,44
eaeb,45
ebhj,45
eccb,45
ecee,45
edbc,45
eehb,45
eggh,45
egij,45
ehjf,45
ejbf,45
ebca,46
ecjc,46
eeac,46
ehih,46
ejfj,46
ejif,46
eaai,47
eace,47
edbf,47
efec,47
egdg,47
egge,47
ehdf,47
ejjb,47
eaag,48
eajd,48
ebej,48
ecab,48
edej,48
eeci,48
egae,48
egbc,48
ehaa,48
ehhj,48
eici,48
eidf,48
ebac,49
ebfg,49
ecdg,49
edcb,49
edfc,49
edjb,49
eegj,49
egfh,49
egid,49
eigg,49
ejjf,49
eaef,50
edfh,50
edgb,50
efbf,50
efef,50
efjh,50
egbj,50
eggi,50
ehcc,50
ehfj,50
ehib,50
ehid,50
eibi,50
eigd,50
ebei,51
ebgb,51
ecfh,51
echa,51
ecia,51
eegi,51
eehi,51
efbe,51
efgh,51
ehac,51
ehga,51
eieb,51
eihj,51
ejgg,51
ejhi,51
edjj,52
eebg,52
eggg,52
eihi,52
edaf,53
edbe,53
eddf,53
eecj,53
eedg,53
eeei,53
eege,53
efdf,53
egdh,53
eiab,53
eaab,54
eahh,54
ebgc,54
ecce,54
ecjf,54
edda,54
egec,54
eaha,55
ebae,55
ebeh,55
ebhb,55
eefa,55
ejdc,55
ejjc,55
eacc,56
ebja,56
ecbe,56
ecec,56
edbg,56
edgd,56
edje,56
edjg,56
edji,56
eebi,56
eehh,56
effa,56
ehfi,56
ejbb,56
ejce,56
ejfd,56
ejhe,56
ejig,56
eabi,57
ecgf,57
ecib,57
eeae,57
eegh,57
eggd,57
ecje,58
edag,58
eddg,58
ehba,58
eigi,58
eagf,59
ebbf,59
ecag,59
edeb,59
eecd,59
eeef,59
efac,59
ehhd,59
ehic,59
ejfc,59
edbi,60
edha,60
edhc,60
eedi,60
efjb,60
eijg,60
ejcf,60
ecbf,61
ecci,61
ecdf,61
ecei,61
ecji,61
edgg,61
edih,61
eejc,61
efhd,61
efjd,61
eged,61
egei,61
eich,61
eidg,61
ebga,62
ebji,62
efhg,62
egji,62
eicf,62
ejbh,62
ejga,62
ebah,63
ebbg,63
ecjd,63
edab,63
eefi,63
eeig,63
ehhg,63
eiae,63
ejea,63
ejjd,63
ecch,64
edce,64
efae,64
efdj,64
efej,64
eghb,64
egja,64
ehhf,64
ejaf,64
eaad,65
edgh,65
eece,65
eejf,65
efbh,65
efed,65
efhf,65
eiga,65
eccc,66
echc,66
efeg,66
efeh,66
efff,66
ejff,66
eaid,67
eaij,67
ebdj,67
ebif,67
eceh,67
effj,67
egie,67
ehha,67
eiea,67
ejch,67
ejeb,67
ejei,67
eafj,68
eaic,68
ebgh,68
ecca,68
ecff,68
ecjj,68
eedd,68
eeid,68
egfc,68
ehda,68
eiaf,68
ejgd,68
eajh,69
ebjc,69
eced,69
ecfe,69
echg,69
edae,69
edib,69
eeaa,69
eiff,69
ejfa,69
ecae,70
ecej,70
edjd,70
efcg,70
efie,70
egbe,70
egcd,70
egff,70
ehdd,70
eadd,71
eagh,71
ebia,71
ecbg,71
ecjg,71
eeda,71
eeha,71
efdg,71
ehbd,71
ehdc,71
eiai,71
eihh,71
eiia,71
ebhh,72
edga,72
eijb,72
ejib,72
ebag,73
ebai,73
ebef,73
ebfc,73
ecjb,73
egde,73
ehhi,73
ehig,73
eije,73
eijh,73
ejbe,73
eafc,74
ebge,74
eehf,74
eeji,74
egac,74
eggc,74
egif,74
eihc,74
ejcj,74
ejdi,74
eaje,75
ebdb,75
ebfe,75
eeee,75
efcf,75
egef,75
eheg,75
eiec,75
eige,75
eadh,76
eaee,76
eaib,76
efhj,76
eghe,76
ehie,76
eidi,76
eafi,77
ebfi,77
ebie,77
ebih,77
ecdi,77
edfj,77
edhh,77
edif,77
eeag,77
eebj,77
eehe,77
eeij,77
efcc,77
ehae,77
ehcj,77
ehdj,77
ehfc,77
ehhe,77
eiah,77
eibc,77
ejae,77
ejgj,77
ebed,78
ecif,78
edhg,78
egfg,78
ehfa,78
ebcd,79
ebci,79
eefc,79
eefd,79
eegc,79
eehg,79
efia,79
eabd,80
egag,80
egca,80
egfa,80
ejca,80
ejfe,80
ejia,80
eacg,81
eceg,81
eecf,81
efge,81
efii,81
ehch,81
ehgc,81
eifi,81
ejec,81
echh,82
edgc,82
egjb,82
eicj,82
ejab,82
ejbd,82
ejeg,82
eacb,83
eccg,83
ecfi,83
eehj,83
ehai,83
eigb,83
eaeg,84
ebhe,84
ecea,84
edfb,84
efbb,84
eide,84
eigc,84
ejda,84
ejdf,84
eaca,85
eadj,85
ebcc,85
ebhi,85
ecac,85
ecgd,85
ecig,85
eddc,85
eebb,85
eegb,85
efgi,85
egdj,85
eiee,85
eaci,86
eadg,86
eage,86
eagi,86
ebdc,86
edee,86
eejd,86
efib,86
egjg,86
eidc,86
eifb,86
ejgh,86
ebhc,87
edfd,87
efaf,87
egbh,87
egci,87
ehjh,87
eifa,87
eigh,87
eada,88
ebeg,88
edfe,88
eeba,88
egcg,88
ehjg,88
ejij,88
eafd,89
eajb,89
eccd,89
edbh,89
edeg,89
edja,89
efdh,89
egjd,89
eiic,89
ejfh,89
ejhh,89
ebii,90
ecbi,90
ecdh,90
eddi,90
eeia,90
egje,90
eieh,90
eiib,90
ejid,90
eabc,91
eabj,91
eaeh,91
ebgg,91
ebig,91
ecaa,91
ecdj,91
efbj,91
egcb,91
ejah,91
ebdf,92
ebee,92
ecdc,92
eiaa,92
eidb,92
ejdg,92
ejej,92
ebic,93
ecda,93
edeh,93
efbd,93
efca,93
egeb,93
eheb,93
eidd,93
eifg,93
eifj,93
ejac,93
eaia,94
ecga,94
efah,94
ehii,94
eibe,94
eicc,94
ejba,94
ejih,94
eaaj,95
ebhg,95
ecaj,95
ecfd,95
edhb,95
eebh,95
efcj,95
efja,95
eghi,95
ehce,95
ehdg,95
ehja,95
ejge,95
ejhc,95
ejhf,95
eacd,96
eafb,96
ebab,96
ebde,96
ebfb,96
ebff,96
ebgj,96
eebf,96
efdb,96
efhc,96
egdc,96
egdf,96
egih,96
eicb,96
eicg,96
eied,96
eifc,96
ejaa,96
ebaa,97
ebbj,97
edad,97
edfi,97
edgi,97
edhf,97
eede,97
efbg,97
efif,97
egbi,97
ehbf,97
ehea,97
eabe,98
eaih,98
ebcg,98
ecbh,98
ecgg,98
ecgi,98
eecg,98
eeih,98
eeje,98
efdi,98
efgb,98
egda,98
eggf,98
ehcd,98
ehhc,98
eibj,98
eica,98
ejfb,98
ebgd,99
edea,99
eeeb,99
eeec,99
efbi,99
efea,99
efhe,99
ehad,99
ehhb,99
eicd,99
ejde,99
ejhg,99
eehc,100
eghc,100
eieg,100
eijc,100
ejee,100
