jacb,1
jaef,1
jbbe,1
jfbf,1
jhji,1
jief,1
jaee,2
jcde,2
jdbc,2
jdbj,2
jdjd,2
jfda,2
jhbj,2
jheb,2
jhef,2
jiga,2
jiji,2
jjfd,2
jadf,3
jahj,3
jdfe,3
jdgb,3
jdjf,3
jeca,3
jefg,3
jgac,3
jgad,3
jihc,3
jjaj,3
jjcg,3
jabc,4
jbfe,4
jcgh,4
jffe,4
jhag,4
jhaj,4
jhci,4
jiec,4
jiff,4
jjhf,4
jbbi,5
jbch,5
jfad,5
jfbd,5
jfdf,5
jgji,5
jjfh,5
jahd,6
jbhj,6
jedh,6
jfcf,6
jgcg,6
jhaf,6
jhie,6
jjag,6
jjed,6
jjfg,6
jjhe,6
jahi,7
jbde,7
jdba,7
jdfc,7
jdia,7
jeic,7
jfcc,7
jhcb,7
jhgj,7
jhha,7
jhih,7
jjgi,7
jbef,8
jbid,8
jchi,8
jddb,8
jfii,8
jiad,8
jiaj,8
jcge,9
jdad,9
jdfj,9
jfgf,9
jgfd,9
jjce,9
jjdj,9
jjha,9
jace,10
jacf,10
jcbd,10
jecj,10
jfje,10
jgah,10
jibf,10
jaai,11
jafd,11
jdfh,11
jdga,11
jdhf,11
jefi,11
jfdi,11
jffc,11
jfjd,11
jhhe,11
jibh,11
jicg,11
jiei,11
jjdg,11
jbhb,12
jchd,12
jdic,12
jeab,12
jidd,12
jigh,12
jjdi,12
jjic,12
jadg,13
jbgh,13
jdfg,13
jdib,13
jebb,13
jeei,13
jeib,13
jejb,13
jfee,13
jgga,13
jhfh,13
jifi,13
jjbc,13
jjhh,13
jabi,14
jadb,14
jbca,14
jdig,14
jfhi,14
jfid,14
jhig,14
jigc,14
jiif,14
jijc,14
jjif,14
jaba,15
jaif,15
jbag,15
jdjc,15
jefb,15
jega,15
jfcj,15
jgjh,15
jjfc,15
jjjf,15
jaae,16
jaci,16
jafi,16
jahc,16
jcaf,16
jcjb,16
jdde,16
jejf,16
jffi,16
jgcc,16
jhba,16
jabj,17
jaej,17
jbee,17
jdgc,17
jecd,17
jfhd,17
jfji,17
jibi,17
jjgf,17
jjhc,17
jbgi,18
jdhh,18
jeea,18
jgdb,18
jjba,18
jjii,18
jbig,19
jcbf,19
jdjh,19
jecc,19
jfjg,19
jhgh,19
jidf,19
jafh,20
jcbj,20
jgde,20
jgeh,20
jhcg,20
jjje,20
jaea,21
jbhc,21
jcig,21
jdcd,21
jedc,21
jegf,21
jfij,21
jgab,21
jgaj,21
jhgg,21
jieh,21
jajc,22
jbaj,22
jbdh,22
jegb,22
jfgg,22
jgcj,22
jghc,22
jgja,22
jgje,22
jhdd,22
jibd,22
jidc,22
jijh,22
jbdj,23
jcea,23
jcjd,23
jdgj,23
jfci,23
jfgc,23
jgbf,23
jidb,23
jigd,23
jjja,23
jaie,24
jbge,24
jbia,24
jceb,24
jcfe,24
jgec,24
jhcj,24
jjff,24
jjhj,24
jbdc,25
jcac,25
jcfb,25
jebc,25
jgbd,25
jgcf,25
jgha,25
jhij,25
jige,25
jihf,25
jjab,25
jjcc,25
jjfa,25
jejj,26
jgdh,26
jgic,26
jjci,26
jjjc,26
jjjg,26
jbgj,27
jeac,27
jejd,27
jgef,27
jghg,27
jhjb,27
jicb,27
jihd,27
jihg,27
jjaa,27
jbih,28
jdac,28
jedf,28
jeff,28
jggf,28
jbed,29
jbgg,29
jbii,29
jcgd,29
jcic,29
jcjc,29
jdfa,29
jfdh,29
jhab,29
jhae,29
jicd,29
jjjb,29
jaff,30
jajg,30
jbci,30
jbhh,30
jbif,30
jcae,30
jdhj,30
jedj,30
jfie,30
jgca,30
jide,30
jiej,30
jjad,30
jjah,30
jaca,31
jaic,31
jcbe,31
jcca,31
jcej,31
jech,31
jede,31
jfdc,31
jfjh,31
jgjd,31
jihb,31
jaac,32
jaaj,32
jahh,32
jfgj,32
jjfj,32
jaje,33
jbae,33
jbbb,33
jcee,33
jceg,33
jcgc,33
jgeb,33
jgfg,33
jhbi,33
jhca,33
jhec,33
jagi,34
jaja,34
jajd,34
jbai,34
jcgf,34
jchf,34
jcjh,34
jddd,34
jdja,34
jgdj,34
jjde,34
jjib,34
jaec,35
jbbc,35
jbcd,35
jdbd,35
jegh,35
jfga,35
jgfe,35
jgia,35
jgih,35
jihe,35
jjee,35
jacj,36
jbha,36
jcba,36
jcfg,36
jcid,36
jddc,36
jddj,36
jdge,36
jfbe,36
jfjf,36
jgei,36
jhdh,36
jidg,36
jbhf,37
jcdi,37
jcjf,37
jeja,37
jfja,37
jhce,37
jhcf,37
jhga,37
jiba,37
jiic,37
jjfb,37
jjgj,37
jabd,38
jbeg,38
jcja,38
jdbb,38
jdbg,38
jdej,38
jedd,38
jehf,38
jgch,38
jggj,38
jiie,38
jjge,38
jbgc,39
jccj,39
jeej,39
jegc,39
jgbb,39
jged,39
jheg,39
jhjh,39
jifj,39
jjdh,39
jajb,40
jbjf,40
jcbc,40
jcji,40
jdji,40
jfff,40
jfhh,40
jfif,40
jgfc,40
jgfh,40
jggh,40
jhge,40
jhhd,40
jcfd,41
jdca,41
jddi,41
jdgi,41
jeaa,41
jeif,41
jgbc,41
jghe,41
jhbd,41
jhgd,41
jhhg,41
jhjj,41
jagd,42
jdag,42
jegj,42
jfhe,42
jgfa,42
jgge,42
jgib,42
jhfe,42
jjea,42
jada,43
jbeb,43
jbej,43
jbhd,43
jccf,43
jeec,43
jeed,43
jfag,43
jfbb,43
jfbj,43
jfca,43
jhjc,43
jigf,43
jjda,43
jcdg,44
jaag,45
jagf,45
jbba,45
jbgf,45
jdef,45
jdhd,45
jfhb,45
jgdi,45
jhbb,45
jheh,45
jibb,45
jibe,45
jija,45
jjjh,45
jaei,46
jbhi,46
jcbi,46
jdgd,46
jece,46
jeeh,46
jehc,46
jeii,46
jfed,46
jhfa,46
jbad,47
jccd,47
jfba,47
jgdg,47
jhhj,47
jjai,47
jbfh,48
jbje,48
jdbf,48
jdfi,48
jejg,48
jfih,48
jghd,48
jiea,48
jihh,48
jbfg,49
jcbh,49
jcce,49
jcgi,49
jcij,49
jdaj,49
jdcj,49
jghi,49
jhhh,49
jhhi,49
jhid,49
jjca,49
jjij,49
jbaf,50
jbbh,50
jbcf,50
jbhg,50
jchc,50
jddg,50
jdff,50
jdhb,50
jeji,50
jgie,50
jhfg,50
jida,50
jjfe,50
jadi,51
jaeg,51
jfcb,51
jgdd,51
jghb,51
jgii,51
jjae,51
jjbf,51
jcga,52
jchj,52
jcif,52
jfia,52
jgbe,52
jhbg,52
jied,52
jaab,53
jbji,53
jcda,53
jeeb,53
jfha,53
jfhf,53
jghh,53
jhaa,53
jhbh,53
jhdc,53
jhfj,53
jhhf,53
jibc,53
jiii,53
jjcf,53
jjdb,53
jahb,54
jaji,54
jcaa,54
jcib,54
jebg,54
jefh,54
jffb,54
jfig,54
jggi,54
jigj,54
jiih,54
jijb,54
jjeh,54
jafa,55
jaga,55
jccb,55
jdda,55
jeai,55
jecf,55
jfah,55
jgag,55
jhah,55
jhei,55
jjbd,55
jacd,56
jbec,56
jcjg,56
jdah,56
jeae,56
jffa,56
jgci,56
jhcd,56
jhdb,56
jifc,56
jjbi,56
jjcj,56
jjeg,56
jacc,57
jbdf,57
jbei,57
jbja,57
jcjj,57
jdcg,57
jddh,57
jejc,57
jfea,57
jfeb,57
jgbh,57
jgee,57
jggc,57
jhda,57
jjhi,57
jagb,58
jahg,58
jajf,58
jbbf,58
jbeh,58
jcfj,58
jchg,58
jdea,58
jdeg,58
jehd,58
jgcb,58
jgjg,58
jich,58
jijd,58
jjbe,58
jjjd,58
jcdf,59
jded,59
jebi,59
jfjj,59
jgff,59
jggd,59
jhai,59
jhfi,59
jhja,59
jiab,59
jiib,59
jbff,60
jcaj,60
jdaa,60
jdhe,60
jeda,60
jege,60
jeia,60
jfaa,60
jfbh,60
jfei,60
jgif,60
jhgc,60
jhhc,60
jiag,60
jidj,60
jjdd,60
jjga,60
jabb,61
jbdb,61
jbjj,61
jdij,61
jeaj,61
jeie,61
jfej,61
jgeg,61
jhfd,61
jidi,61
jjch,61
jaib,62
jcfh,62
jdie,62
jfeh,62
jffd,62
jghj,62
jhjg,62
jieg,62
jifa,62
jigb,62
jjcd,62
jcag,63
jced,63
jeih,63
jfaf,63
jfbi,63
jgaa,63
jgjb,63
jgjj,63
jiac,63
jicj,63
jajj,64
jbfi,64
jcdh,64
jcec,64
jdcf,64
jeha,64
jgbg,64
jhcc,64
jjej,64
jaeb,65
jaij,65
jbcc,65
jbjc,65
jcii,65
jdaf,65
jdid,65
jedb,65
jfab,65
jfec,65
jfgd,65
jgfb,65
jgjf,65
jifg,65
jabe,66
jdif,66
jead,66
jejh,66
jfcg,66
jhac,66
jhff,66
jjac,66
jjig,66
jegg,67
jffg,67
jhgb,67
jhje,67
jicc,67
jjji,67
jaid,68
jbda,68
jgce,68
jjbg,68
jafc,69
jahf,69
jbac,69
jdcc,69
jffh,69
jfgb,69
jfhg,69
jfib,69
jbfb,70
jchh,70
jdcb,70
jehh,70
jgbi,70
jhbe,70
jhjd,70
jaha,71
jcci,71
jecg,71
jeef,71
jfdj,71
jgbj,71
jgcd,71
jhhb,71
jiee,71
jafg,72
jbgd,72
jcbb,72
jchb,72
jgjc,72
jhej,72
jhia,72
jiha,72
jjbj,72
jdbe,73
jdec,73
jdha,73
jeci,73
jeig,73
jfac,73
jiaf,73
jiai,73
jbbj,74
jcad,74
jdhc,74
jdih,74
jfdd,74
jgid,74
jhad,74
jjgg,74
jadd,75
jadj,75
jbbd,75
jbic,75
jceh,75
jcgj,75
jdeh,75
jefj,75
jfae,75
jici,75
jjbb,75
jabf,76
jaed,76
jbab,76
jbce,76
jbjh,76
jcdb,76
jdii,76
jeag,76
jedg,76
jedi,76
jjia,76
jafb,77
jbjb,77
jcdd,77
jcfi,77
jebe,77
jfaj,77
jfch,77
jife,77
jiia,77
jije,77
jbfj,78
jcdc,78
jdjj,78
jeba,78
jefa,78
jfce,78
jghf,78
jhfc,78
jhif,78
jjgb,78
jcah,79
jegi,79
jhdg,79
jbaa,80
jbie,80
jdbi,80
jeeg,80
jfhj,80
jgij,80
jhgi,80
jifd,80
jjdc,80
jaad,81
jajh,81
jbib,81
jcgb,81
jcih,81
jebj,81
jehg,81
jhde,81
jhdf,81
jjeb,81
jahe,82
jbij,82
jdfb,82
jfdb,82
jfgh,82
jgej,82
jbfa,83
jdgg,83
jefc,83
jefe,83
jehi,83
jeij,83
jhjf,83
jijj,83
jjdf,83
jjec,83
jjhg,83
jacg,84
jafe,84
jage,84
jbgb,84
jdgf,84
jdje,84
jfai,84
jgdf,84
jgig,84
jigi,84
jiid,84
jjfi,84
jjgc,84
jabg,85
jbfc,85
jcfc,85
jcff,85
jdhi,85
jfic,85
jhic,85
jicf,85
jjjj,85
jach,86
jaii,86
jche,86
jdai,86
jddf,86
jdee,86
jdgh,86
jdjg,86
jeaf,86
jebf,86
jaaf,87
jaeh,87
jafj,87
jccg,87
jcgg,87
jdjb,87
jfde,87
jhdi,87
jhfb,87
jica,87
jjie,87
jadc,88
jcab,88
jdab,88
jegd,88
jfdg,88
jgai,88
jgfj,88
jifh,88
jiig,88
jbbg,89
jbdd,89
jdhg,89
jebd,89
jfbc,89
jffj,89
jfgi,89
jfhc,89
jgba,89
jhdj,89
jhed,89
jibj,89
jidh,89
jihj,89
jjei,89
jadh,90
jbah,90
jbdg,90
jdei,90
jebh,90
jehe,90
jfjc,90
jgae,90
jijf,90
jbcb,91
jcbg,91
jhii,91
jiah,91
jjhd,91
jjid,91
jbcg,92
jbhe,92
jbjg,92
jcch,92
jdce,92
jggb,92
jhea,92
jhgf,92
jjgd,92
jjih,92
jcdj,93
jdbh,93
jecb,93
jeee,93
jehj,93
jjef,93
jabh,94
jade,94
jcfa,94
jcie,94
jeid,94
jfjb,94
jggg,94
jhch,94
jhee,94
jhib,94
jigg,94
jbea,95
jbjd,95
jcef,95
jcei,95
jfge,95
jgdc,95
jaih,96
jbga,96
jccc,96
jcha,96
jcje,96
jeah,96
jehb,96
jgda,96
jaah,97
jagg,97
jagh,97
jbcj,97
jcai,97
jdci,97
jdfd,97
jefd,97
jfbg,97
jgaf,97
jgfi,97
jiaa,97
jice,97
jifb,97
jjbh,97
jaig,98
jfeg,98
jgea,98
jhbc,98
jiae,98
jieb,98
jihi,98
jaaa,99
jagj,99
jbdi,99
jdae,99
jdch,99
jdeb,99
jfcd,99
jhbf,99
jibg,99
jagc,100
jaia,100
jbfd,100
jcia,100
jeje,100
jfef,100
jiij,100
jijg,100
jjaf,100
jjcb,100
jjgh,100
jjhb,100
