fabj,1
faib,1
fcge,1
fdgi,1
ffai,1
ffhg,1
fhca,1
fied,1
fije,1
fjcc,1
fjic,1
fdag,2
fdgj,2
fecd,2
fegb,2
fibb,2
fagd,3
fagf,3
faha,3
fbbc,3
fdcf,3
fjfb,3
fjhb,3
fbai,4
fbbi,4
fbfb,4
fcbi,4
fchj,4
feaa,4
febe,4
fejd,4
ffie,4
ffjc,4
fgdd,4
fgia,4
fhhb,4
fhjb,4
fhjj,4
fjfh,4
fjig,4
fcaj,5
fefb,5
fgbi,5
fhej,5
fhgb,5
faba,6
fbdb,6
fefi,6
feih,6
ffcc,6
ffhi,6
fjbf,6
fjje,6
fabc,7
faij,7
fche,7
fdeb,7
fgdh,7
fghj,7
fiac,7
fihg,7
fjjf,7
facj,8
fbch,8
fbia,8
fcbe,8
fccd,8
fdda,8
fddj,8
fice,8
fijd,8
fbac,9
fbbj,9
fbec,9
fbig,9
fbii,9
fdhc,9
ffej,9
ffga,9
fgee,9
fgjg,9
fhib,9
fhid,9
fcei,10
feae,10
feie,10
ffhh,10
fgea,10
fhfe,10
ficd,10
fjgh,10
fade,11
fcff,11
fdii,11
febh,11
ffdd,11
fhec,11
fhhj,11
fiaa,11
fiaf,11
figh,11
fjdj,11
fahe,12
fbba,12
fead,12
fhaf,12
fiah,12
fjaa,12
fjdf,12
fjjj,12
fahg,13
fbaa,13
fbfc,13
fcci,13
fcfh,13
fcid,13
fddi,13
fgbb,13
fhba,13
fibj,13
fiea,13
figc,13
faee,14
fafe,14
fcih,14
ffea,14
fgif,14
fhac,14
fhjg,14
fafc,15
fafi,15
fbgi,15
fcjd,15
fedg,15
fega,15
ffbd,15
ffig,15
fgae,15
fgah,15
fggf,15
fige,15
fabg,16
fcda,16
feba,16
fegi,16
fggj,16
fhbf,16
fiab,16
fjba,16
facb,17
faec,17
fbjf,17
fcbf,17
fdic,17
fdih,17
ffbf,17
fgce,17
fhgd,17
fhjc,17
figa,17
fajf,18
fbcj,18
fcae,18
fcha,18
fgcf,18
fjaj,18
fcdg,19
fcgg,19
feed,19
fiee,19
fjgd,19
fbaf,20
fbdf,20
fbei,20
fcca,20
feac,20
febf,20
fehh,20
ffed,20
ffjg,20
fhig,20
fhje,20
fjha,20
fdia,21
fhfa,21
fhji,21
fich,21
fiie,21
facg,22
faei,22
fbgd,22
fbja,22
fcgc,22
feic,22
feii,22
ffbi,22
fhgj,22
fidf,22
fjjc,22
fced,23
fddg,23
fdfg,23
ffgb,23
ffhe,23
fhce,23
fiji,23
fbdj,24
fbhe,24
fccg,24
fdjg,24
fgeb,24
fhdj,24
fhia,24
fbfd,25
fccf,25
fchc,25
fcif,25
feej,25
ffaj,25
fgig,25
fhfb,25
fhgc,25
fiae,25
fjae,25
fjdg,25
fabi,26
fajb,26
fbah,26
fbbh,26
fbdh,26
fcdc,26
fcji,26
feee,26
ffha,26
fgih,26
fjbi,26
fjff,26
faic,27
fdac,27
feig,27
fjid,27
fjja,27
faje,28
fajh,28
fbea,28
fcad,28
fdef,28
ffaa,28
ffcd,28
fgfd,28
fici,28
faci,29
fafd,29
faie,29
fbge,29
fcaa,29
fccc,29
fdbb,29
fddc,29
fdhe,29
fedc,29
ffeh,29
ffgc,29
ffgh,29
ffic,29
fgie,29
fhcb,29
fhdh,29
fiec,29
fife,29
fiif,29
fjce,29
fjcj,29
fjia,29
fadg,30
faeh,30
fafa,30
fajc,30
fbbg,30
fbed,30
fcdd,30
fehd,30
ffcg,30
ffij,30
fhef,30
fihc,30
fiid,30
face,31
faia,31
fbcg,31
fcij,31
fdja,31
fehe,31
feib,31
feif,31
fgca,31
fgdj,31
fgef,31
fhch,31
ficj,31
fbca,32
fbhd,32
febd,32
fegg,32
feij,32
fgei,32
fhbd,32
fjbh,32
fjga,32
faag,33
fabf,33
fahh,33
fbgb,33
fejc,33
ffdb,33
fgji,33
fhge,33
fidh,33
fihj,33
fjge,33
fadj,34
fagj,34
fchf,34
fdai,34
fecg,34
fede,34
feec,34
fehf,34
fgaf,34
fgcd,34
fgjc,34
fhaj,34
fhfj,34
fjai,34
fjbc,34
fadi,35
fbfj,35
fbih,35
fcbd,35
fcgi,35
fdcj,35
fdfa,35
ffbe,35
fhbc,35
fhic,35
fidd,35
fdec,36
fdga,36
febi,36
ffad,36
ffeg,36
fgch,36
fgjh,36
fhcj,36
fibf,36
fijb,36
fjjb,36
faed,37
fbff,37
fbjc,37
fbjh,37
fcbb,37
fcii,37
fdee,37
feff,37
fgdg,37
fhhi,37
fjie,37
fbbd,38
fbgf,38
fcaf,38
fcjh,38
fdgg,38
fedf,38
feef,38
feeg,38
ffgi,38
fhjh,38
fidb,38
fihh,38
faad,39
fbfa,39
fceg,39
fdji,39
feid,39
fgeh,39
fhfd,39
ficf,39
fifa,39
fjjh,39
fbhh,40
fccj,40
fcjb,40
fdah,40
fdaj,40
fdci,40
fdfi,40
fejj,40
ffii,40
fgdb,40
fijh,40
fjhc,40
fafb,41
fagc,41
faif,41
fbgj,41
fcce,41
fcdb,41
fcgf,41
fdbe,41
ffcb,41
fgcj,41
fhbi,41
fhhf,41
faef,42
fcjj,42
fdbc,42
ffba,42
fhad,42
fhfi,42
fhhc,42
fief,42
fbef,43
fcah,43
fcdf,43
fcef,43
fcia,43
fdba,43
fefc,43
ffhc,43
fgai,43
fgjd,43
fjfa,43
fadh,44
fdbj,44
fdhb,44
fefg,44
feia,44
ffca,44
ffce,44
ffff,44
fhbh,44
fija,44
fbfi,45
fbhj,45
fbje,45
fdjc,45
feda,45
ffdg,45
ffdj,45
fffj,45
fgda,45
fggd,45
fhbg,45
fheh,45
fidg,45
fjaf,45
fadf,46
fagi,46
fbfh,46
fdgc,46
fedh,46
feea,46
ffbg,46
fgab,46
fgfg,46
fghd,46
fijc,46
fijj,46
fjdi,46
fjgf,46
facc,47
faej,47
faga,47
fbde,47
fcdj,47
fdij,47
fffa,47
fffh,47
fgag,47
fgcb,47
fghe,47
fjbg,47
fjed,47
fjgc,47
fagg,48
fbgh,48
fbhf,48
fbic,48
feaj,48
feei,48
ffjb,48
fhie,48
fjde,48
fjfg,48
fjhi,48
fbee,49
ffdf,49
fffc,49
ffjh,49
fggg,49
fhed,49
fhjf,49
fjhe,49
fcib,50
fdfh,50
feai,50
fejf,50
fgbh,50
fgib,50
fhdf,50
fihe,50
fjif,50
fbaj,51
fdcd,51
fdjh,51
ffhb,51
fhaa,51
fhcg,51
fcga,52
fdde,52
fecc,52
ffac,52
fffd,52
ffib,52
fgaj,52
fghf,52
fiad,52
fjeg,52
faai,53
fbij,53
fddh,53
fgdf,53
fhhe,53
fhjd,53
fifi,53
fjcf,53
fjgb,53
fjii,53
fceh,54
fdhd,54
ffci,54
fhcf,54
figf,54
fjei,54
fbjg,55
fcgj,55
fcjc,55
fcjf,55
fdbg,55
febj,55
ffbc,55
fggc,55
fhah,55
ficb,55
fjcg,55
fadc,56
fcjg,56
fdig,56
fehi,56
fgbc,56
fhdi,56
fjdb,56
faac,57
fcee,57
fcfi,57
feab,57
feca,57
fehc,57
ffjj,57
fhii,57
fibg,57
fiia,57
fada,58
fcbj,58
fdcg,58
fefe,58
ffae,58
fgba,58
fgij,58
fhhd,58
fifd,58
fbdc,59
fdgh,59
fgbf,59
ficg,59
fieb,59
fbeb,60
fdce,60
ffda,60
fgac,60
fgfa,60
fgga,60
fhff,60
fijf,60
fjab,60
facf,61
fbae,61
fbcd,61
fdif,61
feag,61
fehb,61
ffbh,61
fgde,61
fhfh,61
fhij,61
fibd,61
fijg,61
fjeb,61
fdje,62
fgfb,62
fhgf,62
fibe,62
fiig,62
fjea,62
fbga,63
fcac,63
fdfc,63
fdfj,63
fefj,63
fegj,63
ffcj,63
fgfj,63
fhda,63
fhea,63
faaf,64
fbfe,64
fbif,64
fbji,64
fcfa,64
fdgd,64
fedd,64
fffi,64
fheg,64
fiib,64
fbeg,65
fbjd,65
fecf,65
fedj,65
fged,65
fadd,66
fbcf,66
fdha,66
fege,66
fehj,66
fejh,66
fffe,66
fgci,66
fgjf,66
fhgg,66
figd,66
fihd,66
fiij,66
fjbj,66
fach,67
fdbh,67
fdch,67
fecb,67
feci,67
fehg,67
ffbj,67
fgdi,67
fgfh,67
fhbe,67
fhcc,67
fiej,67
fiii,67
fjbd,67
fjfi,67
faca,68
fbdg,68
fcbh,68
fcde,68
fcje,68
feja,68
ffch,68
fggh,68
fgic,68
fhhh,68
ficc,68
fifb,68
fjji,68
faeg,69
fafj,69
faih,69
fbej,69
fbib,69
fbjj,69
fcfg,69
fdad,69
fdfd,69
ffde,69
ffeb,69
ffji,69
fgad,69
fgcc,69
fheb,69
fiih,69
fjcb,69
fagh,70
fcfc,70
fdej,70
febb,70
fech,70
feeh,70
fegf,70
ffag,70
ffhd,70
fgbj,70
fhdc,70
fjij,70
fabd,71
fbha,71
fceb,71
fcgh,71
fdeg,71
fedb,71
ffia,71
ffid,71
ffjd,71
fjbe,71
fjef,71
fjhd,71
fjhf,71
fjjg,71
fagb,72
fahd,72
fahi,72
fbid,72
fbjb,72
fcgb,72
fhgh,72
figj,72
fadb,73
fbce,73
fcbc,73
fecj,73
fejg,73
fgcg,73
fggi,73
fghh,73
fhei,73
fjjd,73
fabe,74
facd,74
fbhg,74
fddf,74
fdff,74
fdib,74
febc,74
fiba,74
fifc,74
fihi,74
fcag,75
fcig,75
fdhj,75
ffgj,75
fgaa,75
fgeg,75
fidj,75
fieh,75
fiei,75
fahb,76
fdjd,76
fdjj,76
fefa,76
ffah,76
ffdi,76
fghg,76
fida,76
fifj,76
fahc,77
fcai,77
fccb,77
fcgd,77
ffab,77
fgfc,77
fggb,77
fhbj,77
fhdd,77
fhja,77
fbhi,78
ffhf,78
fjeh,78
fjej,78
faea,79
fbeh,79
fdbd,79
fedi,79
ffef,79
fgbg,79
fgej,79
fiai,79
fibi,79
fjgj,79
faii,80
fbag,80
fefd,80
fegh,80
fgge,80
fgid,80
fgii,80
fhae,80
fjee,80
fabh,81
fajd,81
fajj,81
fcfj,81
fdhg,81
fdjf,81
fgfi,81
fgjj,81
fiaj,81
fibh,81
fiff,81
figb,81
fjdd,81
fbbe,82
fcfb,82
feji,82
ffaf,82
fghb,82
fjgg,82
fcec,83
fdcc,83
fdid,83
feje,83
fhab,83
fjah,83
faaj,84
fabb,84
fajg,84
fbbf,84
fddb,84
ffee,84
fgbe,84
fjih,84
fcdi,85
fchb,85
fcic,85
fdaf,85
fded,85
fdge,85
fegc,85
ffge,85
fhai,85
fhde,85
fhfc,85
fidi,85
fbbb,86
fddd,86
fffb,86
fgbd,86
fgdc,86
fhcd,86
figi,86
fiha,86
fahj,87
fbcc,87
fcab,87
fcba,87
fchi,87
fdbf,87
fhhg,87
fifh,87
fjda,87
fafh,88
faji,88
fdhi,88
fejb,88
ffcf,88
ffjf,88
fgje,88
fhbb,88
fhdg,88
figg,88
fjdc,88
faah,89
fafg,89
fage,89
faja,89
fbda,89
fcfe,89
fgja,89
fibc,89
fide,89
fieg,89
fjch,89
fbab,90
fbad,90
feah,90
ffdh,90
fghi,90
fhci,90
fhgi,90
fjbb,90
fjgi,90
faae,91
fahf,91
fbfg,91
fdfb,91
fefh,91
ffdc,91
ffei,91
ffhj,91
ffja,91
fghc,91
fgjb,91
fjib,91
faeb,92
fbgc,92
fcfd,92
fdaa,92
fdea,92
fdeh,92
fffg,92
fhdb,92
fhih,92
fiag,92
fjdh,92
fjfj,92
faaa,93
faig,93
fbcb,93
fbci,93
fbgg,93
fbie,93
fdcb,93
fdfe,93
febg,93
ffec,93
fhag,93
fhfg,93
fjad,93
fjag,93
fjci,93
fjhg,93
fbhb,94
fcej,94
fchg,94
fcie,94
fcja,94
fdae,94
fdei,94
fece,94
ffif,94
fgff,94
fica,94
fcch,95
fcdh,95
fdab,95
fdie,95
feeb,95
fegd,95
ffih,95
fgfe,95
fjac,95
fjcd,95
fjfd,95
feha,96
fgec,96
fhga,96
fhha,96
fifg,96
faab,97
faff,97
faid,97
fbdd,97
fbdi,97
fdca,97
fdgf,97
fdhf,97
ffbb,97
ffgf,97
fhif,97
fcbg,98
fchh,98
fdjb,98
ffje,98
fidc,98
fihb,98
fjca,98
fjfc,98
fjfe,98
fcea,99
fdgb,99
fdhh,99
ffgd,99
ffgg,99
fgha,99
fjhj,99
fbhc,100
fchd,100
fdbi,100
feaf,100
fhee,100
fihf,100
fiic,100
fjec,100
fjhh,100
