bbcc,1
bfci,1
bfhf,1
bfja,1
bgfd,1
bghe,1
bhbj,1
bibd,1
biic,1
bijf,1
baae,2
bbce,2
bcdb,2
bcee,2
bdbc,2
bdee,2
bdff,2
bdgi,2
beag,2
beah,2
beih,2
bgca,2
bjea,2
bafd,3
bbei,3
bcja,3
bdid,3
bfaf,3
bhhb,3
bifh,3
bagj,4
bbgh,4
bcaa,4
bccj,4
bdfa,4
bdig,4
befd,4
bfgd,4
bfjb,4
bhef,4
bjgb,4
baha,5
baia,5
bbba,5
bbcj,5
bbfc,5
bbhe,5
bdbg,5
bddh,5
beaf,5
bgce,5
bgjc,5
bhhh,5
baaj,6
baca,6
badi,6
bajf,6
bbeh,6
bbff,6
bcdh,6
bdjg,6
beac,6
bebd,6
beib,6
bhji,6
bbdg,7
bfae,7
bfdc,7
bggf,7
bhbe,7
bjff,7
badb,8
bahi,8
bbde,8
bbhb,8
bcae,8
bcdi,8
bcfa,8
bcgg,8
bfhg,8
bfje,8
bhea,8
bigf,8
biij,8
bafb,9
bdfh,9
bdji,9
bech,9
beie,9
bfaj,9
bfha,9
bggg,9
bide,9
bihe,9
bcjb,10
bdae,10
bdjd,10
behe,10
bfcf,10
bfhd,10
bgaj,10
bhfg,10
bicd,10
bagc,11
bbec,11
bdfg,11
behf,11
bgcf,11
bgfg,11
bifb,11
bijg,11
bjcd,11
bjcg,11
bjdg,11
bacd,12
bagi,12
bbja,12
bcbb,12
bdfd,12
bdfj,12
bebb,12
bige,12
bjib,12
bcbg,13
bdcg,13
behc,13
bfih,13
bjhj,13
bajb,14
bceh,14
bdfb,14
beje,14
bfbc,14
bifg,14
baed,15
bahf,15
bbee,15
bbfe,15
bbjg,15
bcdc,15
bcgj,15
bdaf,15
bebe,15
bedc,15
befc,15
bejg,15
bfbg,15
bfdb,15
bfeh,15
bfhi,15
bief,15
baeb,16
bbij,16
bdde,16
becd,16
beeg,16
bege,16
bgid,16
bhjg,16
bjid,16
bbaf,17
bcej,17
bdej,17
bdih,17
bdje,17
befb,17
beid,17
bhhi,17
bigi,17
bagh,18
baih,18
bbbe,18
bcgf,18
bddd,18
bfbj,18
bhfe,18
biac,18
bibf,18
bici,18
bidb,18
bijb,18
bjih,18
baec,19
bbda,19
behd,19
bgcg,19
bgif,19
bhbc,19
bhjb,19
bicf,19
bied,19
bjbi,19
bjhd,19
bacg,20
baea,20
bafe,20
bbdi,20
bbjf,20
bcaj,20
bdbi,20
bfhb,20
bgec,20
bgfc,20
bggj,20
bgjd,20
bhba,20
bjbj,20
bbac,21
behi,21
bghj,21
bhdi,21
bieb,21
bjfg,21
baaf,22
baie,22
bbgc,22
bbje,22
bcdf,22
bddj,22
bdgd,22
befj,22
bgej,22
bhjf,22
biba,22
biee,22
bjce,22
bjfh,22
bjig,22
bjjb,22
baag,23
baji,23
bbjc,23
bcgi,23
bcih,23
beic,23
beja,23
bhbd,23
bhdf,23
bhig,23
bhij,23
bidf,23
biha,23
bjhe,23
bahd,24
bbbh,24
bbgi,24
bebj,24
bffb,24
bgeg,24
bgha,24
bghh,24
bada,25
bbeb,25
bccc,25
bcea,25
bchh,25
bfie,25
bjjg,25
bahj,26
bbcd,26
bcdj,26
bdbh,26
bdjc,26
beej,26
behh,26
bgga,26
biah,26
bbhc,27
bcfb,27
bdac,27
beei,27
bfad,27
bfhe,27
bfjh,27
bgib,27
bgie,27
bgjg,27
bhff,27
biii,27
bijj,27
bjei,27
bjga,27
bjgi,27
bajg,28
bbah,28
bbef,28
bdhg,28
beci,28
behg,28
bfbi,28
bffd,28
bggb,28
bhic,28
bibj,28
bjhb,28
baad,29
bbbb,29
bbch,29
bcbi,29
bccg,29
bcfj,29
bedg,29
bgdg,29
bggi,29
bhib,29
bigd,29
bjaf,29
bjaj,29
bace,30
bajd,30
bbgf,30
bbih,30
bcad,30
bcgh,30
bcjf,30
bdbd,30
bdgc,30
bfeg,30
bfgi,30
bghf,30
bghi,30
bjha,30
bagb,31
bahb,31
bbdj,31
bbig,31
bbjb,31
bcbd,31
bcfi,31
bgab,31
bgbh,31
bifj,31
bjia,31
bjjh,31
bagd,32
bcda,32
bdcd,32
bddg,32
befe,32
bfbh,32
bffa,32
bgea,32
bgfb,32
bgjf,32
bicg,32
biia,32
bbej,33
bcfd,33
bgjb,33
bhgc,33
bhgf,33
bice,33
bidj,33
baic,34
bcgd,34
befa,34
beig,34
bfah,34
bhcc,34
bjfc,34
bjfd,34
bbdc,35
bcah,35
bcca,35
bdhd,35
bgbf,35
bgfi,35
bjhg,35
bacb,36
bcfe,36
bfeb,36
biej,36
bcbe,37
bcec,37
bceg,37
bcff,37
bche,37
bfab,37
bffg,37
bgcd,37
bhhd,37
bieg,37
bifc,37
bbfb,38
bbhh,38
bbie,38
bced,38
bdag,38
bgci,38
bibh,38
bbbd,39
beca,39
bfba,39
bgbg,39
bhbb,39
bihj,39
bafh,40
bbgd,40
bcic,40
bcig,40
bdda,40
beea,40
bgae,40
bgba,40
bgjh,40
biad,40
bbdf,41
bbhf,41
beaj,41
bedf,41
beeb,41
bgcj,41
bhhg,41
bacf,42
bbib,42
bdaj,42
bdef,42
befg,42
bfca,42
bfhj,42
bgda,42
bjbc,42
baah,43
bajh,43
bbaj,43
bbdh,43
bcbj,43
bcch,43
bdib,43
bfda,43
bghg,43
bhai,43
bihf,43
biji,43
bjhf,43
babc,44
bchd,44
bcje,44
bdhh,44
beec,44
begh,44
begi,44
bgad,44
bifd,44
bjii,44
baee,45
bahe,45
baii,45
bbfa,45
bbfd,45
bcie,45
bdgf,45
bfcc,45
bhce,45
bhfd,45
bhhj,45
bihh,45
bjfa,45
bjgc,45
bbed,46
bdbf,46
bdeg,46
bede,46
bfga,46
bhec,46
bjie,46
babf,47
bagg,47
bccf,47
bdbj,47
bdea,47
bgbi,47
bicc,47
bdca,48
bdhb,48
beba,48
bfge,48
bfgf,48
bgdd,48
bggd,48
biaa,48
bidi,48
bcac,49
bfee,49
bgbj,49
bgeh,49
bhde,49
bhfi,49
bhgj,49
biaf,49
biag,49
bjaa,49
bjfb,49
bjgd,49
bdci,50
bfcb,50
bfec,50
bhbh,50
bicb,50
bigj,50
bafj,51
bbgj,51
bcjh,51
bdad,51
bece,51
beia,51
bejc,51
bigg,51
bjjj,51
baei,52
bcid,52
bddf,52
bdjf,52
beii,52
bgbb,52
bgcc,52
bgeb,52
bgic,52
biei,52
bija,52
bijd,52
bjgj,52
bjjf,52
baaa,53
babh,53
bbbi,53
bbga,53
bbjh,53
bcaf,53
bchi,53
bfhc,53
bhcj,53
bhei,53
baif,54
bbae,54
bcjg,54
bdgj,54
behj,54
beif,54
bfig,54
bhgd,54
biai,54
bjcj,54
bjgf,54
badg,55
bafi,55
baig,55
bdie,55
bdif,55
bfgc,55
bfjd,55
bfjg,55
bgac,55
bgjj,55
baci,56
bbgb,56
bcha,56
bdec,56
bfed,56
bfhh,56
bgbd,56
bggh,56
bgii,56
bhdj,56
bjbb,56
bahh,57
bdcc,57
bdgb,57
bfej,57
bhae,57
bhci,57
bidh,57
biie,57
bjde,57
baac,58
baba,58
bccd,58
bdeh,58
bdgh,58
bebi,58
beef,58
bejj,58
bfcg,58
bffc,58
bhej,58
bhhf,58
bdce,59
bdic,59
bdjj,59
beeh,59
beij,59
bfii,59
bgbc,59
bgch,59
bgee,59
bjfe,59
bjfj,59
bcab,60
bcfc,60
bcji,60
bgdi,60
bghb,60
bhaa,60
bheh,60
bhfa,60
bica,60
bjeb,60
baeg,61
bafa,61
baij,61
bchj,61
bcib,61
bdia,61
bebg,61
bfbd,61
bfgb,61
bjdf,61
bjgg,61
bjic,61
badh,62
bbbc,62
bcbc,62
beji,62
bgdf,62
bhab,62
bhdg,62
bida,62
biib,62
badc,63
bcgb,63
bfaa,63
bhag,63
bhia,63
bhjj,63
bjbh,63
bjda,63
bjhc,63
bjij,63
badf,64
bage,64
bcba,64
bdii,64
bfia,64
bhdh,64
bibe,64
bjef,64
bjej,64
bcfh,65
bdaa,65
bdch,65
bfdf,65
bfgj,65
bfic,65
bhcf,65
bihi,65
bjag,65
baff,66
bddb,66
bdfi,66
beff,66
bejf,66
bffi,66
bhfj,66
biaj,66
bjab,66
bdab,67
bdei,67
becg,67
beda,67
bffe,67
bhac,67
bhaf,67
bhcg,67
bhdc,67
bhee,67
bjjc,67
babj,68
baib,68
baja,68
bbic,68
bcbh,68
bcga,68
bfgg,68
bgfe,68
bhdb,68
bibb,68
bifi,68
biid,68
bjhh,68
bjhi,68
bbad,69
bchg,69
bdij,69
bfdj,69
bgdj,69
biff,69
bjac,69
bjba,69
baga,70
bbia,70
bebh,70
bejd,70
bieh,70
bihc,70
biih,70
bjbd,70
bjje,70
bahc,71
bcag,71
bcij,71
becc,71
bfcj,71
bfji,71
bgdc,71
bgdh,71
bghc,71
bhch,71
bjad,71
bjca,71
bjcb,71
bjdc,71
bjif,71
bbcb,72
bceb,72
bdcj,72
bdeb,72
bead,72
begj,72
bfce,72
bfij,72
bhge,72
bife,72
bjjd,72
bbai,73
bdgg,73
bedd,73
bega,73
bhcb,73
bhie,73
bhje,73
biif,73
bjai,73
bbid,74
bcef,74
befi,74
bfbf,74
bfid,74
bheg,74
biea,74
bihd,74
bjdh,74
bjeh,74
bahg,75
bbji,75
bcif,75
bdcb,75
bdge,75
beae,75
becj,75
bedb,75
beed,75
bjbe,75
bbhg,76
bcjj,76
beha,76
bejb,76
bffh,76
bgde,76
bgff,76
bgge,76
bhgg,76
bjja,76
bcce,77
bgbe,77
bhda,77
bhgb,77
babd,78
bbhj,78
bdhc,78
bgij,78
bhed,78
bacj,79
bbab,79
bbii,79
bcfg,79
bdah,79
bdhf,79
begg,79
bgei,79
bhca,79
bidd,79
bjah,79
babb,80
bbgg,80
bcdd,80
bdha,80
bedj,80
bfai,80
bggc,80
bgje,80
bhhe,80
bhii,80
bidg,80
babe,81
bbeg,81
bdga,81
bdja,81
bfff,81
bgaf,81
bgdb,81
bjee,81
baai,82
badd,82
bbif,82
bddi,82
bfbb,82
bfdh,82
bfei,82
bhad,82
bhih,82
bigb,82
bbag,83
bbcg,83
bbfj,83
bcgc,83
bdbb,83
bfif,83
bfjf,83
bhcd,83
bhfb,83
bhfc,83
bhjd,83
bjdd,83
bjdj,83
bbbf,84
bbca,84
bcde,84
bebc,84
behb,84
bfjc,84
bfjj,84
bhfh,84
bjch,84
baab,85
babi,85
bafc,85
bbea,85
bcdg,85
bcjc,85
bcjd,85
bhbi,85
bhgh,85
bbfi,86
bbha,86
bbjd,86
bchc,86
bdbe,86
bfch,86
bgfh,86
biae,86
bidc,86
bjge,86
becf,87
begd,87
bgji,87
bjcf,87
bjci,87
bjdb,87
bade,88
badj,88
bbbj,88
bbdb,88
bchf,88
bdhi,88
beab,88
bfdd,88
bhga,88
bihg,88
bach,89
baid,89
bfag,89
bffj,89
bfgh,89
bgai,89
bgih,89
bgja,89
bicj,89
biig,89
bijc,89
bbjj,90
bcai,90
bddc,90
bdjh,90
bebf,90
becb,90
bfdg,90
bged,90
bihb,90
bjcc,90
bjec,90
bjfi,90
bacc,91
bajc,91
bajj,91
bbci,91
bbdd,91
bcii,91
bdai,91
bdba,91
bdfc,91
bfea,91
bigh,91
bjae,91
bjdi,91
bbbg,92
bccb,92
begb,92
bejh,92
bfcd,92
bgaa,92
bgig,92
bheb,92
bhha,92
bhhc,92
biga,92
bbfg,93
bcei,93
bcia,93
begf,93
bfac,93
bhaj,93
bjeg,93
baeh,94
bcge,94
bdhj,94
bedi,94
bfde,94
bhbg,94
bibc,94
bjbg,94
beaa,95
bghd,95
bhdd,95
bafg,96
bbhd,96
bdjb,96
begc,96
bgag,96
bhgi,96
bjed,96
bjgh,96
baej,97
baje,97
bbcf,97
bbfh,97
bdfe,97
bgef,97
bgfa,97
bgia,97
bhbf,97
bhid,97
bhif,97
biab,97
bibg,97
babg,98
bagf,98
bbaa,98
bbge,98
bbhi,98
befh,98
bfbe,98
bfdi,98
bfib,98
bifa,98
bije,98
bjbf,98
bcbf,99
bcci,99
bchb,99
bdhe,99
beee,99
bfef,99
bgah,99
bgcb,99
bhah,99
bhja,99
bhjc,99
baef,100
bdcf,100
bded,100
beai,100
bedh,100
bgfj,100
bhjh,100
bibi,100
bich,100
biec,100
bigc,100
bijh,100
bjji,100
