iiig,5
ifdf,8
igeb,38
ieab,39
ifji,52
iabd,54
iigc,95
iccc,101
idbe,108
iibb,109
iddf,125
ijac,128
idif,132
icjc,141
ibgd,142
ieeb,148
iibg,153
ibde,177
ibfd,182
iijb,191
iehd,206
iiea,206
iajj,218
iiag,237
ijhf,264
ibeb,291
iaig,294
idhe,311
iihc,318
ifjd,319
idhj,335
ifdb,337
iegb,339
ifbc,374
ibfh,387
iaec,392
ihcb,419
ibif,427
ibff,431
ijbf,444
ijif,447
iehf,474
ibei,480
ibag,485
idbj,485
idah,486
icih,489
idfh,499
ifge,516
idcj,517
igag,517
ifbe,531
ifcb,538
icif,549
igae,555
idfb,567
igjc,572
ieig,574
ihfc,579
ihbd,593
ibfg,610
iddi,611
iidg,621
iced,626
ieaj,630
idii,631
igdf,631
ibdh,662
iabg,666
igac,671
iacg,675
iadb,678
icbh,686
ifii,698
ijhe,703
iijg,719
iicg,720
ibhb,722
ichh,754
ibcj,763
ibbd,770
iidb,770
iajh,772
iefc,775
iaed,793
icef,804
igjd,810
iabe,811
idgc,814
ijgc,823
iddd,848
ihbc,862
idfj,870
iagj,890
igeh,910
icah,912
iibi,933
ighh,947
ichf,951
iaha,957
ihda,991
idbc,998
ihag,998
ifgh,1005
iggh,1010
ibjb,1021
iahb,1023
ieah,1024
igja,1028
ifca,1059
iefj,1060
ibee,1061
ijdb,1075
igfc,1083
ieib,1086
iidc,1106
ighe,1116
ihig,1117
iaif,1122
icfh,1133
igge,1134
icce,1144
ieci,1159
ibje,1163
iiec,1166
iaee,1168
icaa,1179
igfg,1179
iedd,1186
ijde,1191
ibci,1200
ibgf,1202
iaef,1203
ifig,1217
icgh,1233
ibac,1241
idfi,1261
iccf,1264
ijhj,1266
icfi,1267
ifgb,1270
icdi,1288
icea,1300
iadh,1301
icfe,1305
iice,1310
icfg,1329
iefa,1346
iahd,1349
idce,1358
ihbf,1361
iihg,1374
iieh,1393
ieif,1408
ibge,1414
idjf,1416
iede,1424
iigi,1425
ihjh,1444
iebg,1449
ihhe,1449
idhf,1455
ieee,1465
iece,1479
icbe,1481
icei,1490
ihbg,1491
iege,1525
iacf,1534
iihf,1558
iaai,1568
ihfi,1581
ijji,1599
ihjc,1622
ihac,1623
ichg,1624
iihb,1631
ifhd,1638
iijf,1640
ihgf,1649
ijge,1651
ibaa,1662
iagc,1666
icaf,1667
ijag,1675
igih,1678
ifbj,1687
igjf,1707
ibhf,1711
idfg,1711
ijda,1731
iega,1740
idjh,1741
ihgc,1743
igcc,1770
ihgd,1772
ihjb,1802
ibfj,1810
ihhf,1812
iffc,1816
ihji,1816
igci,1818
iejf,1819
iffb,1822
ijjg,1824
icad,1828
iaeh,1834
igec,1847
iaag,1852
idfc,1854
iiaf,1866
ibbb,1885
ibbg,1892
ifea,1895
iabf,1904
iieb,1929
idhg,1938
ieid,1968
ijed,1976
ichc,1980
iaga,2005
ijgf,2014
iigj,2037
ihei,2057
ijcg,2060
iecb,2061
iiad,2072
iebj,2080
icfc,2082
icgc,2086
iiia,2115
iadd,2119
ibdd,2129
ibah,2131
igic,2134
idig,2167
ifjc,2178
iagg,2182
icac,2187
ideg,2190
ieec,2196
iceg,2200
iebh,2204
ihhh,2217
ihaj,2232
ieef,2233
iigg,2242
ibie,2247
idja,2252
ieff,2254
ifgd,2255
ibba,2293
iggf,2323
ibej,2326
igej,2347
iadi,2356
ieej,2361
iihe,2377
ibed,2405
igfe,2412
iaad,2418
ifch,2419
ijeg,2420
ibid,2422
iehg,2439
idbg,2451
iggj,2459
idee,2466
igdi,2481
iihj,2491
ighc,2497
idhh,2501
ibea,2505
ijaf,2505
ihfj,2511
igbi,2517
ijab,2535
iicj,2537
icba,2547
ifhc,2549
ieeg,2552
iaia,2555
ihgb,2572
icgf,2587
iaae,2604
ihhg,2606
ifdh,2607
ifie,2612
icee,2618
igbh,2623
ihcf,2633
idhc,2637
iafe,2645
ihef,2662
ibbj,2686
idhd,2694
ifjf,2694
ihij,2698
idde,2709
igji,2717
ifad,2722
idhi,2724
ifce,2750
ihfh,2754
ijhd,2762
idad,2765
ijjb,2787
iajb,2799
ibef,2821
ibig,2853
ibih,2857
ibdb,2863
ijdh,2866
ibce,2868
ihdb,2879
igch,2887
idjj,2891
icji,2896
ieeh,2914
iafc,2924
ibgb,2933
iihi,2952
iajf,2955
ihjj,2966
icec,2971
iifj,2973
icbc,2974
ibai,2978
ifhe,2989
ihah,3028
ieai,3038
iafa,3051
ibeg,3053
igfb,3055
ifde,3059
iibe,3065
idjd,3066
ichj,3114
ijhh,3123
ibhe,3127
iegi,3139
ifee,3156
ijbe,3157
iiic,3193
ijfd,3195
ighg,3203
ibae,3226
icff,3226
iehj,3228
iecj,3231
iica,3232
ijch,3234
ibcd,3240
ihcc,3245
iegh,3248
igea,3262
iacc,3289
idie,3319
iafh,3320
iffi,3338
ihgj,3346
idbi,3352
ijfj,3396
ifgj,3403
iaca,3408
idij,3428
iggc,3430
ijfa,3437
ijgb,3440
iidi,3442
idaf,3446
ijaa,3446
iafi,3462
iccg,3476
iiej,3511
ifgf,3512
idgf,3523
ihab,3523
ijdf,3535
ijeb,3538
icag,3539
iefg,3549
ifhh,3556
idha,3559
igig,3571
iehe,3575
ihje,3575
iddb,3592
ifib,3597
ieij,3602
icfa,3612
ijga,3655
igaf,3661
ihcg,3678
iebe,3685
igjb,3688
iijc,3695
icfd,3713
idag,3716
igdc,3724
icia,3737
iaij,3756
iffj,3763
ijad,3764
ihej,3807
iahj,3810
ifjg,3832
iceb,3836
ijeh,3871
ieac,3874
icdj,3912
iaaa,3916
igjj,3923
iheb,3936
iejc,3941
ighf,3972
ibgj,4006
ifbd,4010
ijca,4020
icdf,4024
icdh,4040
ijjh,4054
iiac,4065
ijcd,4067
ibcf,4076
igdb,4081
iiai,4084
ifgc,4101
icab,4129
ijhi,4135
ifdg,4137
igie,4147
icde,4148
ihfg,4161
iibh,4182
ieaf,4185
iibc,4187
ibfe,4192
icai,4200
idai,4200
iifa,4200
ifeg,4214
iief,4231
icjj,4260
iddg,4294
ibbf,4296
ibhc,4297
ihja,4317
iifb,4349
ifif,4351
ifbi,4359
ifhb,4367
iied,4394
idia,4396
iaie,4397
ifei,4410
iheg,4416
idge,4418
iiaj,4423
icbi,4431
idaa,4433
ieei,4437
iaii,4442
ihdj,4450
igha,4454
ichd,4468
iiij,4505
ijdj,4529
ihee,4530
iceh,4532
ibda,4536
igif,4546
ifij,4556
ifff,4567
ijhc,4582
ibfb,4600
iicc,4609
ijaj,4627
idhb,4631
iafj,4636
ihhj,4663
ibja,4668
ibgc,4673
iida,4690
ijgj,4692
iabb,4694
iidj,4705
ijcb,4733
ihhb,4746
iaeb,4761
iiei,4765
ifah,4778
iebf,4779
ifdi,4787
iiaa,4790
ifia,4834
ieia,4841
iddj,4846
iicd,4854
ibia,4859
iabj,4865
ijgi,4881
ighi,4882
iiee,4888
iabc,4890
ifaf,4890
iaei,4906
iddc,4911
ideh,4917
iigh,4918
iggb,4920
ifeh,4926
ifej,4926
ihie,4940
ifhg,4943
ifac,4963
iebd,4965
ijcj,4971
iedb,4973
iach,4999
ifcd,5001
iahi,5005
iiii,5025
idih,5030
icjd,5046
ihca,5047
igbe,5053
iijh,5057
ieji,5067
ijgh,5071
iijd,5078
igbd,5084
ijij,5085
iajg,5098
iebc,5108
ibjj,5113
iifc,5114
iagi,5120
igee,5122
icha,5145
icge,5169
iccd,5175
ihfd,5176
ieie,5218
icbf,5221
iicb,5250
iagh,5260
ibhj,5283
ifjb,5284
icjf,5310
idch,5344
ijfi,5357
iedg,5371
iich,5371
idfa,5402
iefe,5405
ifbg,5418
icib,5447
ihih,5453
ihdi,5477
iaid,5479
iibf,5480
ichi,5483
ibcc,5485
ibaj,5491
igah,5498
ihga,5501
igfd,5517
ibab,5525
iace,5538
idej,5542
idbd,5549
idaj,5551
iife,5556
icbg,5561
ihfa,5578
ifbf,5592
ihcd,5619
igga,5623
ibhd,5629
ieca,5633
iigf,5641
iahc,5651
igcf,5662
iedh,5682
ibjd,5693
ifhf,5705
ifhj,5706
ibib,5713
idgj,5720
ieje,5724
ibaf,5761
igdh,5762
ijfg,5767
ijff,5770
igbg,5787
iehb,5803
idca,5818
icid,5819
ijei,5833
iejd,5860
iaea,5903
igaa,5911
ijbb,5928
ihgh,5950
ijha,5953
idda,5956
idcd,5959
iiie,5961
iaah,5965
icdb,5968
iidf,5971
iici,5980
ifae,5987
ibgg,6009
iheh,6021
ihia,6025
iegc,6033
ihbb,6037
ifcc,6048
iaba,6053
ihjd,6060
iedi,6085
ihdf,6096
ijbi,6102
icae,6110
icfj,6118
ifgi,6120
iehh,6127
ifjh,6156
ijce,6163
ibhh,6181
ibcg,6195
ijfb,6205
ijcf,6220
iieg,6226
ibic,6235
ijba,6247
idid,6250
iigd,6271
iifh,6276
ibdc,6288
icjh,6288
idgi,6301
ihii,6301
ighd,6302
idcb,6312
ieea,6312
ijef,6318
iafd,6340
iadf,6390
ihai,6391
ihcj,6395
igbf,6414
iefb,6422
ifec,6422
iegg,6424
iiff,6424
iddh,6426
iecc,6433
iead,6451
iibj,6454
iije,6462
icgd,6480
idji,6480
igbj,6485
igff,6490
idbf,6510
idcf,6518
ibha,6524
idfe,6526
ijjf,6528
iiji,6559
iaac,6569
idjg,6589
icjb,6600
ihid,6604
iibd,6606
icja,6608
iffa,6614
ifci,6624
ijfe,6624
icgi,6627
icej,6631
idje,6632
ifid,6650
ijje,6653
icij,6664
iefi,6675
ihed,6703
ijjj,6705
iecg,6751
ihha,6752
iaci,6761
ijec,6809
iahf,6819
ifcg,6820
iffe,6823
ihec,6839
icgg,6856
ibjc,6887
ibjg,6896
igef,6901
ideb,6916
ifef,6953
ifhi,6983
iifg,6993
idjc,6998
ihad,7026
iged,7064
ihch,7068
ijdg,7068
igid,7081
idcc,7086
igdj,7092
ihfb,7104
ijie,7119
icgb,7124
iffg,7139
iihd,7142
iiib,7152
ibii,7166
igfh,7167
ibjh,7172
igca,7179
ihif,7195
iahh,7217
idgb,7217
igai,7217
ibdj,7220
iiid,7229
idic,7254
ihdh,7256
icaj,7260
ihhc,7282
ijdi,7291
ieda,7312
ibad,7314
iabh,7351
ifaa,7361
ibbe,7364
ibhi,7369
idga,7369
ifai,7370
igfa,7395
ijgg,7401
ijah,7403
iccj,7433
iadc,7434
iebb,7434
igbc,7450
iegf,7457
ifbh,7457
ijai,7461
ieaa,7462
iagf,7467
iiah,7471
ijic,7471
iage,7483
ijea,7493
igaj,7500
ibga,7502
ijdc,7506
ijgd,7513
ific,7528
ifje,7540
igba,7556
ibfc,7563
ijib,7572
ihce,7582
iacb,7586
ibij,7602
ibji,7605
ijid,7605
idcg,7621
ijci,7629
iajd,7631
icjg,7633
ibbh,7659
ifdc,7669
ighb,7700
ihjg,7709
ieba,7711
iegd,7715
ibca,7767
ieed,7772
iadg,7777
iefd,7779
ihhi,7834
ifdj,7859
ihgg,7869
iafg,7875
ibdg,7890
ihge,7891
ieag,7906
icdc,7914
ichb,7927
ifda,7931
idbb,7937
iige,7945
ibch,7966
iacd,7978
ibdi,7997
ijia,7998
idjb,8000
ifba,8007
iejb,8009
ieha,8010
icii,8034
icch,8040
idab,8041
icdd,8045
iaib,8056
ihdg,8059
igii,8065
iech,8069
iggi,8085
ihic,8119
ifcf,8124
idib,8126
ijbc,8131
icgj,8144
iifi,8148
ihff,8161
iahe,8168
ihaa,8177
iicf,8184
ijbg,8189
ijdd,8211
iaji,8215
ibgi,8217
ifga,8234
ifcj,8239
iaaj,8250
icca,8288
ibjf,8301
iafb,8314
idea,8329
ibfa,8344
ihci,8350
ibfi,8397
idei,8397
igbb,8403
igcg,8403
iedj,8409
icci,8437
ibhg,8450
igcj,8455
ihba,8459
igad,8460
iaff,8463
iaic,8477
iiba,8487
iijj,8496
iejh,8500
iefh,8508
iiae,8513
ijej,8522
ijjc,8525
idac,8540
iche,8554
ifbb,8563
icga,8566
iiab,8569
iaje,8590
iihh,8603
ifgg,8616
ifed,8622
iaih,8624
igib,8629
iija,8631
idgd,8632
ijfh,8684
iacj,8685
iedf,8709
idgh,8712
ijhb,8726
igcb,8735
iaab,8749
iiif,8749
iidd,8755
idgg,8757
ieih,8767
icbd,8782
iifd,8809
iiga,8813
idfd,8840
iegj,8861
idae,8862
ifha,8864
ibcb,8885
igde,8893
iahg,8904
ihgi,8905
igab,8916
ihdd,8967
iecd,8983
iaej,8986
ijja,8986
iehc,9009
iagb,9012
iffd,9014
icig,9045
iaeg,9049
igce,9055
icbb,9059
ihfe,9075
ighj,9079
icbj,9080
ijhg,9081
ieae,9086
ihaf,9092
iccb,9099
ibec,9105
iajc,9120
ijii,9132
idec,9135
ifeb,9146
idbh,9153
idci,9159
icie,9160
iejj,9160
iigb,9190
igda,9191
iide,9194
iada,9198
ijih,9238
idef,9243
icic,9244
ifdd,9246
ibbi,9272
ifaj,9288
igij,9300
ibgh,9304
iaaf,9306
ibeh,9306
iiih,9306
ided,9328
ijee,9330
iadj,9345
iggd,9347
igfj,9349
igcd,9357
igjh,9365
igfi,9377
igje,9387
ihbi,9391
ihbh,9394
iecf,9417
ifab,9429
iidh,9431
icje,9432
iagd,9439
ijbd,9440
iade,9448
ihbe,9471
igjg,9486
ihea,9489
icda,9505
ibdf,9514
ihjf,9514
ijbh,9514
igei,9524
ifag,9548
ihbj,9557
idff,9565
ijbj,9566
ijfc,9607
iaja,9612
iedc,9623
iiha,9624
igia,9646
ieic,9651
iejg,9669
ijae,9677
icdg,9712
ijig,9728
iehi,9740
ifih,9751
ijcc,9757
ihib,9764
icfb,9778
iebi,9809
ijjd,9809
ihae,9825
ieja,9827
igeg,9830
igdd,9862
ifja,9866
igdg,9875
ibbc,9899
ihde,9906
ieii,9917
ihdc,9919
iabi,9937
ihhd,9944
ifjj,9952
idba,9953
iggg,9978
iffh,9995
