jjif,13
jgca,29
jbhg,49
jbeh,57
jjig,65
jiaf,72
jbcj,96
jiij,99
jdic,111
jhgg,120
jhce,136
jhga,136
jehc,145
jfig,153
jdaa,159
jbib,180
jjjj,184
jebh,189
jaih,195
jhaj,203
jddb,207
jbcc,264
jdbj,301
jfda,301
jdfc,306
jgah,309
jaae,315
jfhe,341
jgdd,350
jefj,374
jcdd,376
jdhg,388
jgcg,405
jejb,412
jabj,416
jjjg,425
jaaj,431
jcbi,445
jbad,446
jhda,456
jfjj,458
jggd,458
jfdj,470
jafe,483
jdje,483
jhbc,497
jgfa,541
jghh,552
jhcd,555
jfej,560
jidh,588
jfeg,597
jigc,613
jafi,615
jafh,619
jdff,649
jeda,659
jege,659
jdii,675
jcab,687
jegd,687
jdgb,702
jhie,705
jabi,713
jeff,727
jdag,741
jada,742
jfib,768
jeeg,779
jjdc,779
jefe,782
jfgi,788
jbdg,789
jgfi,796
jiff,803
jafd,810
jhcf,836
jabd,837
jbjf,839
jdgd,845
jiea,847
jbbh,849
jfcb,850
jifa,861
jgjc,871
jiha,871
jdec,872
jeij,882
jbcg,891
jhgf,891
jcie,893
jfjd,910
jefb,914
jbha,935
jfhh,939
jijb,953
jhje,966
jihj,988
jjgh,999
jjfc,1014
jaej,1016
jcej,1030
jfba,1046
jjcj,1055
jbbd,1074
jeje,1099
jdhj,1129
jhgd,1140
jhhi,1148
jjae,1150
jhei,1154
jdah,1155
jded,1158
jcfh,1161
jajj,1163
jdaf,1164
jcad,1173
jcha,1195
jcbd,1209
jjdi,1211
jgaj,1220
jbai,1233
jddj,1235
jcdg,1243
jhbh,1252
jafa,1254
jgeg,1260
jced,1262
jjej,1263
jfec,1264
jdeh,1274
jhfc,1277
jgig,1283
jabg,1284
jcff,1284
jgea,1297
jjhb,1299
jfii,1307
jgfg,1332
jjda,1342
jdbf,1347
jddg,1349
jagb,1357
jhif,1377
jgae,1389
jade,1393
jdia,1406
jffc,1410
jihd,1426
jdih,1473
jabf,1475
jebe,1476
jjeb,1480
jijj,1482
jdjg,1485
jjih,1491
jcef,1494
jeca,1502
jdfh,1510
jbdc,1524
jjgj,1536
jheg,1538
jjea,1541
jbfg,1548
jdhh,1617
jgbf,1622
jedj,1629
jhhg,1640
jagd,1641
jbjj,1660
jgid,1673
jiia,1676
jagc,1699
jefi,1710
jadb,1713
jacj,1735
jhhd,1739
jjbf,1750
jjdd,1759
jche,1785
jcch,1791
jahj,1802
jhha,1806
jidb,1822
jhcj,1823
jhbi,1832
jdgi,1840
jghj,1861
jfcg,1865
jedi,1875
jjef,1892
jggf,1927
jbhf,1936
jiic,1936
jedd,1937
jhbb,1944
jcbh,1948
jfeh,1961
jeci,1972
jfac,1972
jehi,1982
jdbh,1992
jdfd,1996
jibf,2009
jdjc,2014
jdjh,2018
jbdj,2022
jfdh,2028
jgci,2055
jhfi,2058
jbff,2059
jfbh,2059
jjbb,2074
jgij,2079
jgej,2081
jeid,2093
jefd,2096
jiaa,2096
jbfd,2099
jied,2151
jbij,2181
jcbg,2190
jjcg,2202
jede,2230
jgjd,2230
jchc,2249
jicc,2266
jfdd,2273
jbie,2279
jfhc,2288
jfcc,2306
jfdi,2310
jbed,2328
jjdh,2338
jbfh,2347
jaga,2354
jcec,2363
jaeb,2364
jaij,2364
jchh,2369
jhaf,2405
jdad,2408
jfgf,2408
jigd,2422
jbgj,2426
jbgg,2428
jjjb,2428
jjfj,2431
jbbc,2434
jifj,2438
jdcg,2456
jcii,2464
jaid,2467
jaed,2475
jaii,2485
jaaf,2486
jfge,2494
jihi,2497
jiji,2501
jgif,2559
jfhg,2568
jghf,2577
jdga,2610
jdde,2615
jjad,2629
jgia,2634
jhdh,2635
jfch,2676
jeee,2692
jgaf,2696
jdfe,2702
jjfg,2705
jfah,2754
jdhe,2759
jiag,2759
jcdh,2763
jbac,2768
jecg,2770
jahd,2805
jbig,2818
jhab,2828
jaje,2832
jehf,2837
jiie,2837
jfih,2847
jaji,2853
jhah,2854
jegg,2866
jeef,2870
jcgb,2880
jheb,2901
jdjf,2902
jaff,2929
jjah,2929
jghe,2940
jfca,2942
jeae,2955
jhai,2958
jicj,2962
jdjd,3001
jgad,3002
jjhh,3012
jjhc,3016
jdac,3027
jgdj,3033
jgdg,3046
jcci,3070
jiai,3072
jcfi,3076
jfji,3116
jecc,3118
jjfb,3136
jece,3145
jjbg,3167
jbic,3174
jcje,3195
jaee,3201
jfdf,3204
jbca,3213
jeji,3249
jgff,3258
jbce,3275
jdjb,3286
jffj,3288
jcde,3301
jiga,3301
jfjg,3318
jbii,3328
jhca,3332
jgei,3335
jddh,3356
jfeb,3356
jgee,3356
jiib,3358
jgfb,3364
jafg,3371
jhej,3371
jici,3374
jije,3376
jgfj,3387
jdae,3398
jcia,3399
jjcb,3399
jfcf,3405
jjgi,3406
jebb,3412
jdej,3437
jibe,3444
jgbe,3451
jcda,3452
jhfj,3452
jdha,3472
jebj,3480
jdab,3487
jecd,3516
jgcj,3521
jhfa,3545
jefh,3553
jjhi,3556
jehe,3589
jegf,3620
jgeb,3632
jahg,3657
jfbc,3688
jdci,3696
jdcd,3720
jfij,3720
jajc,3721
jfci,3722
jgdh,3725
jbej,3742
jacg,3783
jecb,3792
jcfa,3793
jhgh,3818
jhij,3824
jbih,3827
jddd,3833
jjca,3848
jffa,3855
jfgb,3868
jfae,3874
jage,3883
jhih,3906
jiaj,3907
jjba,3917
jjja,3922
jcfb,3924
jjib,3933
jgib,3941
jida,3949
jaeg,3950
jajf,3957
jejh,3965
jgcd,3970
jjgg,3973
jfde,3986
jifh,3987
jdce,3991
jcdj,3992
jccc,3995
jief,4000
jjfa,4024
jajg,4029
jjai,4046
jjac,4065
jdcc,4068
jahe,4081
jiid,4083
jdbc,4101
jbef,4107
jcca,4130
jcdi,4136
jcfd,4140
jgjg,4157
jcaj,4159
jieg,4161
jeih,4162
jchb,4171
jhjf,4182
jbgb,4183
jfdg,4187
jdeb,4198
jiec,4203
jbae,4232
jceg,4232
jgjb,4262
jjia,4275
jfic,4284
jhch,4293
jieb,4297
jdgj,4322
jjjc,4325
jhae,4328
jcbc,4339
jdhd,4344
jgaa,4362
jehh,4369
jdei,4389
jbjd,4394
jffe,4403
jbid,4407
jige,4424
jicd,4428
jfbb,4442
jdda,4454
jgbi,4469
jcdc,4477
jaeh,4486
jhfb,4486
jaef,4500
jcaf,4515
jdge,4535
jeja,4536
jfff,4539
jgdi,4544
jdbi,4579
jifb,4596
jbif,4629
jech,4630
jhdc,4652
jedb,4664
jggg,4693
jhib,4693
jgfd,4708
jjic,4711
jhba,4715
jjgf,4716
jgje,4721
jihe,4734
jegj,4741
jdcj,4748
jccb,4754
jfea,4756
jidj,4759
jgbg,4763
jbhc,4820
jcgc,4832
jajb,4839
jdhc,4873
jiig,4887
jgji,4904
jeac,4926
jcga,4951
jcif,4951
jfhf,4952
jibc,4952
jbei,4956
jdij,4960
jiac,4962
jbhj,5005
jadg,5012
jibd,5021
jaic,5030
jiba,5036
jegc,5038
jfif,5039
jhfe,5041
jeec,5042
jigj,5053
jfaa,5059
jhgc,5059
jbab,5075
jaaa,5098
jbfe,5103
jhhe,5110
jfcj,5114
jdji,5139
jhge,5139
jbje,5147
jghd,5147
jdbe,5172
jdgg,5182
jebf,5185
jfad,5204
jibh,5210
jifi,5212
jjhj,5223
jgic,5225
jihh,5247
jdhb,5249
jahb,5253
jcjg,5255
jhdb,5255
jjid,5290
jidg,5335
jadi,5350
jife,5376
jigi,5383
jica,5386
jfjb,5393
jaig,5397
jaia,5399
jhig,5413
jihg,5426
jfjh,5430
jaac,5431
jeaj,5460
jbfa,5482
jhbf,5498
jhbj,5501
jaif,5514
jcbj,5519
jijh,5521
jbhh,5529
jcid,5535
jfbj,5542
jbgf,5544
jfhb,5544
jfaf,5562
jdch,5598
jaai,5610
jdfg,5612
jfid,5613
jijc,5613
jbia,5623
jjde,5633
jggi,5653
jeai,5654
jiee,5670
jjgd,5691
jihc,5702
jbdf,5756
jeie,5760
jjji,5766
jcdb,5775
jcfc,5784
jigg,5793
jfbf,5800
jbbi,5804
jedf,5827
jjbd,5854
jdie,5861
jaha,5870
jeag,5875
jdgh,5885
jiah,5890
jibi,5916
jejd,5926
jcja,5937
jcji,5939
jbhd,5942
jejc,5956
jedg,5975
jjgb,5977
jgac,6002
jiad,6007
jbeb,6042
jbba,6044
jdef,6044
jifc,6055
jgbj,6070
jbaa,6079
jibj,6088
jijg,6099
jigh,6111
jfja,6136
jggc,6156
jjbe,6157
jiab,6158
jffd,6161
jgjj,6162
jadd,6174
jacf,6209
jbci,6229
jihb,6230
jeii,6245
jdfi,6247
jcij,6248
jffh,6268
jfai,6283
jbjg,6291
jfee,6312
jgih,6334
jeaa,6340
jeif,6340
jcaa,6353
jjbi,6355
jbjc,6364
jgjf,6364
jhia,6371
jfaj,6376
jijf,6389
jcai,6396
jibg,6398
jgdb,6417
jbaj,6421
jiej,6429
jcjh,6433
jfjf,6435
jbgc,6438
jebg,6453
jgdc,6494
jedc,6520
jaja,6533
jdbd,6534
jfbe,6535
jbbg,6588
jhci,6603
jfbd,6604
jchi,6607
jaci,6615
jejf,6615
jcbf,6618
jgab,6620
jfgg,6621
jgcf,6624
jcae,6629
jbbb,6632
jegh,6634
jhhh,6648
jgii,6650
jjdb,6652
jebi,6658
jbgd,6671
jcah,6678
jfgh,6681
jjhf,6703
jjag,6705
jhhf,6752
jcib,6753
jfce,6777
jajh,6780
jhag,6803
jjed,6805
jcig,6820
jaie,6823
jccd,6846
jbaf,6849
jhfg,6849
jjeh,6853
jdcb,6869
jafb,6876
jcih,6880
jcgg,6886
jjdg,6910
jfhi,6913
jhcg,6919
jcea,6922
jcac,6924
jjaa,6926
jfie,6929
jaec,6934
jbcd,6934
jghb,6950
jgcb,6957
jadj,6974
jaba,7014
jidf,7018
jgef,7026
jija,7044
jghi,7048
jdea,7057
jfgd,7064
jafc,7068
jdee,7085
jbee,7116
jbdh,7121
jcjd,7122
jcfe,7123
jagi,7133
jdja,7133
jfha,7152
jjbj,7171
jeba,7177
jcgh,7203
jffi,7215
jgec,7223
jcgi,7248
jacd,7255
jdcf,7263
jebd,7288
jabh,7293
jbch,7304
jjdj,7308
jeib,7312
jiif,7313
jgfe,7334
jjee,7334
jdaj,7348
jhja,7358
jcgj,7374
jjbh,7396
jjce,7408
jcjb,7415
jccj,7438
jeej,7438
jhjh,7438
jcdf,7458
jjfh,7504
jdib,7512
jjii,7517
jgch,7537
jchj,7551
jaab,7552
jhhc,7559
jabe,7565
jead,7565
jahf,7568
jbjh,7575
jefc,7582
jbdd,7588
jfjc,7589
jbhe,7591
jagg,7596
jgga,7612
jejj,7625
jhid,7648
jiii,7652
jijd,7657
jach,7685
jeaf,7685
jccg,7686
jadh,7689
jjhd,7690
jihf,7724
jfga,7734
jjge,7737
jgfh,7739
jchg,7757
jhff,7765
jbfj,7777
jfef,7799
jega,7814
jgcc,7815
jcic,7828
jide,7829
jdbg,7837
jgbb,7838
jfia,7851
jjcf,7852
jfab,7864
jgce,7867
jhad,7873
jgdf,7883
jbah,7889
jiae,7897
jhcb,7906
jecj,7909
jgha,7924
jdfa,7928
jbeg,7937
jgag,7954
jbja,7956
jddf,7985
jhdj,7988
jehb,7995
jgda,7995
jhji,8000
jabc,8003
jbag,8014
jahc,8015
jahh,8031
jcba,8035
jfag,8042
jheh,8044
jich,8057
jdid,8064
jegi,8078
jedh,8105
jjhe,8105
jgeh,8119
jjje,8119
jaea,8120
jbge,8123
jjcc,8124
jcgf,8133
jaei,8145
jeia,8159
jbfb,8169
jhdi,8186
jajd,8233
jddc,8235
jdca,8240
jiih,8253
jeha,8263
jceh,8274
jjdf,8282
jjfi,8283
jehj,8292
jhgj,8306
jjha,8308
jdhf,8310
jhfh,8312
jchf,8333
jgbc,8340
jbhi,8345
jjij,8348
jcbb,8371
jice,8396
jefg,8402
jahi,8406
jjjf,8414
jfhd,8416
jieh,8420
jfgc,8422
jjff,8423
jigf,8442
jjjh,8444
jfed,8445
jbda,8467
jbjb,8476
jdgf,8483
jjfd,8501
jceb,8523
jghg,8526
jggh,8539
jjeg,8555
jjga,8559
jicg,8610
jeab,8611
jgie,8649
jhaa,8652
jbec,8655
jbdb,8660
jhdg,8678
jbcb,8690
jdba,8706
jdig,8713
jegb,8721
jaca,8730
jcjf,8736
jhjd,8769
jfhj,8779
jfdb,8781
jbfc,8784
jjie,8786
jggb,8791
jbga,8795
jjaf,8799
jfje,8809
jhbg,8851
jcjj,8856
jdeg,8857
jhgb,8866
jehg,8880
jagh,8896
jfcd,8898
jbhb,8911
jidd,8911
jbgh,8912
jjbc,8912
jfgj,8931
jjfe,8949
jefa,8977
jhdf,8980
jdfb,8981
jbgi,9017
jgfc,9039
jhjc,9042
jeeb,9052
jcfj,9057
jifg,9064
jhhb,9070
jbbj,9073
jjgc,9083
jgba,9088
jbbe,9100
jbde,9106
jidc,9121
jcjc,9128
jcbe,9130
jddi,9140
jgge,9141
jccf,9142
jeeh,9145
jhhj,9146
jcce,9148
jffb,9153
jigb,9161
jdif,9165
jeig,9172
jhea,9191
jhee,9193
jjaj,9202
jeic,9206
jiei,9210
jghc,9221
jggj,9237
jeed,9242
jbbf,9257
jidi,9260
jadc,9287
jjei,9288
jfbg,9296
jagj,9298
jdfj,9308
jebc,9324
jfdc,9330
jjjd,9357
jbfi,9363
jjec,9382
jaah,9396
jeei,9412
jgjh,9414
jgde,9419
jcgd,9428
jagf,9444
jibb,9444
jbcf,9449
jjcd,9461
jcag,9462
jhac,9465
jifd,9479
jhde,9480
jace,9509
jdgc,9516
jhjj,9540
jejg,9547
jacc,9556
jffg,9566
jjhg,9582
jdhi,9584
jicf,9584
jadf,9602
jcge,9608
jicb,9626
jcfg,9635
jdbb,9637
jged,9638
jehd,9657
jhfd,9660
jaib,9661
jhjg,9661
jdjj,9677
jaad,9680
jhed,9688
jhii,9690
jeah,9695
jacb,9700
jgja,9721
jgbd,9724
jjab,9724
jjci,9725
jcee,9732
jbji,9752
jhcc,9763
jcei,9794
jhjb,9826
jfei,9859
jjch,9860
jhgi,9879
jdai,9885
jbea,9894
jhef,9901
jchd,9911
jeea,9917
jhdd,9921
jhec,9932
jhbd,9940
jaag,9944
jecf,9954
jgbh,9956
jabb,9960
jfbi,9962
jhbe,9969
jhic,9984
jafj,9986
jgai,9987
jbdi,9998
