dfhh,28
dfeh,36
djbi,36
dddc,54
dghe,55
dhfi,55
dfie,68
dbci,72
ddgg,75
deje,79
dbde,93
daja,108
djjc,111
dhde,125
daba,151
dbad,172
dcjb,178
dhfg,185
debe,187
dhdd,204
dcia,242
dacg,263
dfbj,264
dfei,271
dchg,274
dhai,279
ddfg,294
dibh,299
dffa,300
dgbe,309
degb,313
dahc,324
dcic,324
djdh,328
dija,337
deed,345
dadj,353
dgaa,353
djca,356
ddfi,373
dbbh,388
dbig,396
deeh,397
dffe,399
dehd,432
dfdi,436
dhdf,441
digc,452
dcif,454
deac,464
dida,466
ddje,503
dcde,508
dcie,525
dfai,529
dhhi,530
dceg,535
djdb,547
dafe,559
dbgj,563
dhba,572
ddjh,578
dbjh,583
dcfg,622
dcad,640
ddcd,644
deha,644
dgfe,662
dcjj,668
dhbf,668
dgjf,676
died,705
dgea,708
dgbf,721
dhgh,724
dbgf,732
dbii,771
dafb,779
dbhb,782
dggc,789
dabe,802
dhib,808
didg,813
dedf,817
dfaf,871
dace,872
dhah,877
dhia,892
dicf,898
dihf,911
dbfb,972
dhgf,977
dhff,978
dbhj,1005
dhei,1012
dach,1037
dgdj,1056
dife,1062
dicc,1079
dgcb,1086
debf,1089
dcjc,1111
daih,1128
dgaj,1143
dcih,1147
djbe,1171
dcef,1174
dcaj,1186
dchf,1196
decc,1215
djge,1221
dfig,1236
dfec,1243
ddad,1244
decg,1266
dgbg,1272
diii,1275
dbaj,1276
dgde,1278
dbga,1287
dfii,1292
dbfd,1295
dece,1308
dgia,1312
dcjg,1314
dhce,1317
dhdi,1318
dfci,1319
ddfb,1322
deda,1326
dgfj,1328
dgii,1332
djjf,1333
daia,1338
dajg,1350
ddji,1365
dadf,1390
degj,1401
dfgh,1415
deeg,1434
dagc,1437
djib,1444
dief,1466
ddai,1482
dfhe,1502
dehb,1526
dhig,1532
deib,1534
dbeg,1538
dgbh,1545
dhcf,1563
dieh,1564
djdi,1570
dhij,1588
djgf,1593
dcgg,1602
dgei,1658
dcfb,1660
dbjd,1709
decf,1719
ddbb,1724
ddfc,1732
dadc,1748
dajf,1748
ddfh,1756
dgba,1782
dcee,1784
difi,1792
ddch,1801
ddjg,1810
ddaa,1833
ddjj,1855
dehe,1871
dejg,1872
ddcf,1873
ddej,1894
djhd,1918
djgi,1921
dfch,1935
daej,1940
dbic,1978
dhcc,1992
djaf,2008
dfdh,2023
dfag,2026
dcei,2038
dcch,2044
djcj,2046
dhha,2053
dega,2056
dbjb,2059
dggf,2068
ddfd,2069
ddae,2077
daab,2094
dgic,2098
dhja,2119
dghh,2137
dcaf,2157
deif,2161
dbce,2168
dfeg,2174
dibc,2197
ddff,2219
dgfh,2219
dgfg,2221
dhbe,2221
dbcg,2232
dcig,2236
dhcg,2241
dhfd,2270
djah,2284
ddig,2298
dcbc,2301
debj,2303
dchj,2312
dhci,2317
dieg,2333
djje,2333
dche,2349
dddd,2367
dfbb,2376
dhge,2378
dfbc,2393
dagi,2395
dgbb,2396
djeg,2398
dgfb,2403
dbie,2410
dgij,2418
dhhf,2424
decd,2430
djab,2437
dbae,2440
dbjg,2441
dccc,2449
dedh,2453
dadb,2457
dhhe,2470
dehi,2481
ddjf,2484
dfhg,2496
dhfj,2503
dedg,2509
deeb,2509
djfi,2509
djig,2512
dfdj,2514
ddgh,2528
degc,2535
deja,2539
djbd,2541
dggj,2573
djda,2580
diac,2586
daaa,2588
djhi,2595
dide,2614
decj,2631
defi,2635
daai,2647
dabg,2647
dcdf,2656
dabd,2662
dgah,2663
dbjf,2667
dagg,2671
dhcj,2685
dbfa,2700
difd,2708
dhch,2725
ddgc,2732
dcfa,2738
dchd,2748
dgci,2755
dgce,2757
dhed,2773
dbha,2779
djed,2780
djgj,2781
dhae,2840
dedb,2842
deih,2846
dbia,2877
dhjj,2890
digi,2890
digj,2905
dhec,2920
dfbh,2948
debd,2959
djeh,2959
ddab,2977
dcgi,3002
ddie,3020
dgjj,3041
dahh,3046
dhif,3056
djfg,3057
dchc,3059
dhie,3078
daac,3082
dahd,3103
dehg,3111
djjb,3113
dfib,3157
deff,3164
daad,3205
dage,3208
dhji,3215
dahf,3241
dcce,3251
dffc,3260
dhih,3264
djbf,3266
daag,3280
djhf,3283
dehh,3305
dhfc,3309
dgdg,3312
ddih,3314
decb,3314
diha,3315
dfff,3323
dedj,3327
dhaa,3327
defj,3341
dhhb,3344
dghf,3359
daib,3389
dggd,3399
djja,3425
dbif,3434
ddcg,3438
dheg,3442
dagf,3452
dgec,3452
dfba,3459
dhje,3466
deaj,3470
dcbd,3480
dbaa,3496
dgcc,3503
dcdb,3516
daci,3517
dddh,3524
djjh,3544
ddac,3545
difj,3567
dbdb,3568
daii,3589
difg,3606
dici,3609
ddgj,3614
dhee,3618
dice,3629
dfjj,3634
dfde,3645
ddgi,3692
dfce,3711
dibj,3712
ddid,3726
ddii,3726
dhaj,3732
djhe,3732
djef,3734
dajj,3745
ddhh,3747
dgge,3751
dgef,3761
dhjc,3761
dcfe,3777
dgae,3815
ddgf,3816
dhhj,3832
djce,3867
dfeb,3895
daeb,3902
ddhe,3903
dehc,3911
dhfa,3926
dfha,3930
dijf,3940
dbgg,3949
daha,3970
dabh,3990
dfja,3994
deic,4003
ddbc,4025
dcbj,4038
dicj,4060
daed,4071
dada,4085
dgji,4092
diib,4104
dbcd,4132
dcda,4133
ddce,4135
dcah,4145
daca,4149
dbbi,4162
ddec,4173
daaf,4186
dihc,4191
deaa,4193
dcfi,4195
dhid,4202
dhgj,4211
diff,4216
difc,4235
dfcj,4242
dbcb,4270
dbhd,4279
dbgc,4287
dbfg,4294
dcjd,4297
dgbc,4301
dhdh,4317
diia,4365
dbfj,4366
deaf,4367
dgca,4392
dgjh,4402
debi,4403
djjj,4431
deai,4466
dgha,4472
djdc,4483
dcgh,4492
dicg,4492
ddbg,4499
dhgc,4499
diag,4506
dfaj,4507
dcbh,4512
ddhc,4522
dbah,4535
ddbf,4550
degg,4551
ddeb,4556
ddjc,4570
dfjb,4586
ddib,4599
djhb,4600
dddg,4614
dejf,4624
dejh,4630
dgib,4639
dcej,4654
dbbc,4665
dfgb,4668
dbgb,4681
dhcb,4681
djee,4697
dcbf,4711
dbfi,4714
dhbc,4723
ddde,4732
dabi,4743
dcgj,4755
dbib,4762
dccg,4785
djgc,4787
dghc,4802
dcga,4809
djci,4831
dbff,4843
djgg,4859
dibi,4891
dgdc,4911
dcfh,4914
ddea,4916
djia,4917
dagd,4929
dieb,4933
dfif,4944
diid,4952
dgfd,4954
dfgf,4970
dfcd,4972
dfgc,4973
dhhd,4973
ddha,4977
dhdj,4977
dged,5009
djij,5022
diaj,5036
ddaj,5040
dgjg,5056
diaf,5056
dejd,5074
dgdf,5079
djgb,5089
dgfa,5098
dbfe,5104
dbij,5110
dhef,5142
dbec,5148
dcba,5150
dahi,5158
deei,5164
dfhd,5173
ddga,5185
dcfd,5187
dccb,5189
dgcg,5204
dhcd,5213
ddgd,5239
dfdf,5252
dffi,5258
diab,5268
dfed,5275
dibf,5275
difa,5276
dhgi,5294
digd,5295
dfjd,5319
dcge,5331
didi,5336
dbee,5342
daji,5366
dcii,5368
dbei,5381
dahb,5426
dibd,5435
ddei,5437
dgad,5465
deee,5468
dbbj,5473
dfjh,5488
dbdd,5490
deae,5492
deia,5495
djai,5501
defc,5504
djfc,5512
dbac,5523
dbbg,5532
difh,5554
daeh,5564
ddfj,5596
dgdd,5597
dihj,5598
dafi,5604
ddif,5618
dfdg,5633
ddia,5642
dhdb,5644
djhg,5652
dhfb,5653
deba,5659
dade,5662
daie,5664
ddfa,5671
djif,5684
ddbi,5698
dbej,5700
djha,5706
dbhi,5710
djgh,5713
djaa,5716
dfae,5721
dbdf,5727
diad,5729
dgeg,5730
dehf,5731
djff,5731
dbjj,5736
dahg,5743
dccd,5765
dhda,5766
dcff,5798
djeb,5804
dhbj,5820
dhgb,5821
dced,5824
dhic,5837
deej,5838
dahe,5849
dhbh,5870
dgeb,5877
djbj,5889
ddaf,5894
dhhh,5912
djic,5917
didf,5922
dafd,5923
deea,5923
dijc,5924
dgie,5945
dfcg,5949
diga,5966
dfbg,5975
dcdh,5984
djaj,5998
dihd,6014
dcci,6018
dfaa,6031
dfbe,6080
dbgh,6090
dddj,6096
dfbi,6097
dhgd,6099
djie,6128
djhh,6131
dhjf,6139
dbjc,6143
djjg,6157
dejc,6169
dcfc,6195
dbdh,6211
djec,6211
djbb,6218
dbeb,6226
djcd,6280
daef,6287
dabj,6315
dbfc,6323
djea,6326
deef,6327
dgbd,6328
djfh,6339
deab,6342
dejb,6345
diec,6347
dffh,6348
difb,6357
dhjh,6359
dfih,6371
ddcc,6397
daif,6415
dagj,6422
dcij,6431
dcid,6437
dcjf,6442
djbc,6454
dijh,6458
debb,6460
dhhg,6467
dfhf,6469
dfgd,6473
dfij,6495
dfhi,6505
dcgc,6509
dcac,6518
dbge,6524
dchb,6525
dfea,6530
dhgg,6541
dijg,6559
daee,6565
djcg,6572
diae,6594
dfcc,6610
dgfc,6613
dbdi,6614
dhjd,6618
defd,6620
daei,6630
dbje,6633
dgjd,6636
dcfj,6640
dfjg,6641
dbcf,6646
daea,6679
dbbf,6682
dbdj,6688
dfcf,6689
djbh,6691
dbih,6704
diee,6720
djcb,6725
ddbh,6750
dajb,6770
diih,6770
dabf,6774
djch,6778
djei,6778
djid,6781
dbhc,6789
degf,6797
dcdi,6801
djde,6806
diie,6812
daga,6828
dacf,6836
dedi,6850
deig,6868
didb,6884
daig,6895
dfbf,6899
dffd,6910
dcbg,6915
diaa,6923
dgjc,6924
dbdc,6935
dfga,6942
dbgi,6943
dfjf,6945
dfgi,6993
dcdd,7003
dicb,7010
dcgf,7017
djji,7046
dcec,7058
dggh,7064
dajh,7074
dcjh,7077
ddcj,7077
dgbi,7092
didh,7120
dbai,7122
djfb,7134
dddb,7135
dbbe,7140
dihh,7141
dijd,7141
dadd,7167
djag,7170
dcea,7171
dafh,7174
dbhh,7177
dddi,7187
daeg,7197
djac,7200
dhfe,7219
diej,7224
dbeh,7226
dijb,7242
dagh,7265
dgcf,7267
dcji,7286
dgig,7297
ddic,7300
diij,7313
degh,7316
diai,7320
dfef,7323
dbfh,7337
dafc,7342
dfdb,7350
deid,7351
dhjb,7367
ddba,7368
degd,7381
dabc,7392
dadi,7399
dfje,7411
dbja,7422
dfbd,7462
dejj,7474
dihg,7480
dbea,7487
dcaa,7498
dfjc,7515
digg,7569
dich,7576
dhjg,7595
dbcj,7598
dhdc,7601
dffj,7622
dacc,7691
ddbd,7693
dadg,7705
dfee,7709
dgaf,7715
dbaf,7724
daaj,7736
dgdi,7742
dgai,7743
dihb,7750
dcbe,7764
dcbi,7767
dcdc,7784
dcja,7788
ddhg,7837
dhag,7840
deca,7860
djba,7882
djfj,7888
dcab,7889
dajd,7898
dede,7910
dfid,7913
ddge,7914
dghd,7924
dgid,7926
deii,7937
dhbb,7943
dggi,7985
ddjd,7994
dige,8016
dghg,8037
dhea,8050
daje,8051
debc,8069
dfgg,8077
dhac,8086
dheh,8106
diei,8117
dhad,8129
didj,8134
dhbg,8136
djdg,8140
dhaf,8141
dedd,8142
deie,8154
dggb,8154
defe,8158
ddbe,8162
dgih,8166
deag,8191
dfic,8193
djjd,8212
dibb,8213
daff,8215
dbgd,8222
dafa,8231
dica,8239
dheb,8243
dgcd,8259
djbg,8262
dfej,8272
dehj,8275
dgag,8286
dhca,8289
deji,8293
dfia,8300
dceb,8304
diic,8307
ddfe,8318
dcgb,8328
djfd,8332
defg,8339
dhdg,8346
dicd,8353
dfji,8360
djcf,8372
djii,8375
djga,8385
dfdd,8410
djae,8451
dege,8455
dihe,8456
dbbb,8460
dggg,8478
dddf,8483
dbhf,8484
dgga,8488
dibg,8491
dcdj,8494
dhga,8498
dbed,8504
diea,8508
dfgj,8513
dcae,8520
dajc,8540
dgee,8557
dcbb,8563
dhab,8564
debg,8577
djhc,8586
dbcc,8595
ddee,8601
ddhb,8609
digb,8611
dhej,8628
dfcb,8636
dbef,8641
dgab,8642
deci,8649
daid,8680
ddef,8687
dghb,8693
dceh,8699
ddah,8704
dead,8715
dahj,8725
dbji,8758
dfhc,8760
dibe,8767
dgfi,8769
dabb,8780
djhj,8782
djej,8786
ddag,8792
dfca,8803
dhhc,8806
ddda,8822
dihi,8827
digh,8829
dfah,8832
dhbi,8834
debh,8837
djfa,8849
daij,8851
dhii,8869
dije,8889
ddja,8910
ddjb,8912
dgbj,8917
ddhi,8927
dfab,8937
dded,8942
dadh,8943
dcgd,8945
ddci,8950
dedc,8973
dafj,8980
dcib,8985
dfac,9000
ddij,9023
dhbd,9023
dacb,9050
defa,9053
dffb,9074
dccf,9083
dafg,9111
dgif,9113
dbbd,9116
dfhj,9119
diji,9121
dcje,9123
dcag,9124
daec,9133
ddhd,9150
dcdg,9160
diig,9168
dgej,9175
djih,9185
ddgb,9195
dbid,9200
djgd,9220
dchh,9236
dbca,9239
degi,9250
dbhg,9272
dbhe,9286
djdf,9286
didc,9328
dcai,9334
dbab,9336
dcha,9338
diif,9369
dgff,9371
defb,9376
dgda,9384
dgch,9398
didd,9405
dfda,9409
diah,9413
digf,9418
defh,9424
dfge,9430
dijj,9449
ddeh,9452
dhfh,9460
dgdb,9461
dech,9471
ddhf,9475
djcc,9483
dgja,9494
deij,9503
daic,9504
dfdc,9531
ddca,9533
dghi,9540
dgdh,9565
dbdg,9566
dgje,9571
diba,9597
dbba,9612
dcca,9622
ddhj,9626
daae,9641
dacj,9654
daah,9657
deah,9681
dagb,9689
dghj,9695
dbag,9766
djfe,9767
dacd,9779
djdd,9780
deec,9788
dgjb,9820
dgeh,9829
ddcb,9838
ddeg,9844
dgac,9861
ddbj,9867
dbch,9870
dfhb,9875
dccj,9895
dchi,9895
djad,9907
dgcj,9917
dfad,9942
dffg,9951
dbda,9967
djdj,9993
