hebc,8
hbhg,11
hdff,14
hfee,27
hjch,38
hagi,43
hbee,55
hcbe,67
hegi,71
hchh,97
hijc,103
hcdi,106
hhdi,106
hgcf,129
hjce,137
hdch,143
hecj,175
hehb,188
hbjg,194
hiac,212
hfia,245
hgia,251
hjfe,258
hjfb,265
hjfc,286
hfgd,288
hehe,314
hhac,320
high,325
hfgh,326
hcce,333
hdgj,335
hiaa,350
hhag,353
haff,359
hjei,374
hdii,386
hcaa,424
hbha,454
habb,457
hhia,465
hcfj,482
hgfa,492
hdji,501
hije,513
hcch,527
hccd,552
hjbj,575
hhea,600
hfig,607
hadc,613
hegb,621
hbec,628
hjcj,638
hjcf,645
hddd,649
hfgc,660
hjie,662
hhgf,669
hbie,670
hahj,688
hgjj,696
hied,700
hhec,708
hbea,723
hjha,739
hacc,743
hghg,750
haba,762
hjdi,763
hgae,770
hhab,776
hhii,802
hbgd,811
hhhh,825
hhcf,845
hbgf,849
hhgh,851
hfgb,862
hjej,863
hcee,864
hjbh,867
hdeg,882
hahf,886
hgef,888
hajg,902
hagg,919
hdad,929
hchg,930
hhgd,933
hajj,945
hhig,961
hacj,980
hfhd,982
hccb,988
hcfd,1001
hjfg,1019
hegf,1038
hiib,1038
hcie,1045
hbic,1076
hbgb,1078
higb,1080
hbhd,1082
hifb,1087
higg,1087
hjgi,1090
habe,1094
hcjb,1114
hcbi,1123
hihc,1135
hgaf,1141
hbbg,1162
hcfi,1177
hica,1196
hcga,1200
hjde,1206
hcfb,1208
hhfa,1211
hbeh,1217
hefj,1221
hhhc,1244
hhgb,1251
habj,1260
hdab,1289
hbeg,1302
hbce,1307
hhcc,1310
hhhi,1314
hicc,1316
hbji,1318
hhed,1330
hjbb,1337
hdgd,1338
hchd,1339
hhbb,1349
hbde,1370
hgbd,1391
hcdg,1399
hcjh,1410
hdie,1431
higj,1432
hcea,1439
hebf,1439
hibg,1449
hcic,1453
hgaj,1456
hiae,1482
hhjc,1502
hihf,1504
hdhe,1562
heeg,1564
hada,1570
hbfi,1571
hahi,1579
hbbf,1580
hjjd,1600
heca,1603
haag,1628
hibb,1639
hgdf,1640
hjji,1658
hcba,1665
hjih,1681
hdee,1690
hbfc,1703
hbgj,1707
hejd,1731
hdij,1743
hfff,1749
hghi,1766
hceb,1771
hcab,1773
hjge,1774
hhde,1775
hfej,1801
hhaa,1809
hhbg,1829
hiii,1839
hdef,1855
hehh,1878
hhcj,1893
hgif,1899
hgjd,1904
hhga,1911
haaf,1915
hggf,1922
hace,1923
hfbg,1938
hafi,1949
hehg,1952
hafa,1953
hfdc,1967
hfga,1968
hdhd,1969
hedc,1988
hhid,1993
hfbc,1996
hbcc,2003
hbcg,2037
hjjb,2072
hdgf,2081
hefc,2107
hhaj,2119
hedf,2123
hfed,2128
hhdh,2129
hdfb,2143
hjhc,2150
hgeg,2164
hfcd,2166
hfhi,2167
hhfe,2181
hbch,2209
hgcc,2231
hdaj,2242
hibj,2251
hgib,2258
hgcb,2261
hjhh,2262
hafe,2273
hdbc,2287
hbjc,2305
hbab,2342
hech,2353
hbjh,2365
hcbf,2366
hjhb,2370
hjbg,2383
haif,2385
hcaf,2385
hhef,2405
hich,2423
hiej,2432
hcbb,2477
hfid,2506
hdbh,2535
hhgc,2541
hfeb,2565
heie,2589
hihb,2606
hggc,2616
hehi,2621
hgbg,2626
hdae,2628
hghc,2649
hbjj,2652
hahd,2660
hgig,2660
hiij,2671
hafd,2696
hicd,2698
hhjb,2713
hgfd,2723
hgjc,2730
hjbc,2735
hcbd,2741
haci,2745
hejg,2769
hfba,2826
hdjj,2835
higf,2835
hfie,2851
hdeh,2864
hcgd,2880
hida,2884
hadg,2888
hide,2910
hafh,2913
hcjd,2915
hfbb,2943
hghe,2954
hcei,2962
hcej,2976
hdcg,2976
hbhc,2985
hbhf,3040
haac,3051
hdgh,3054
hdic,3061
hfjh,3064
hafb,3071
hjhf,3082
hiia,3098
hfhj,3101
hhfb,3107
hjjg,3108
hcji,3121
hiih,3123
hjia,3126
hced,3135
hdia,3144
hbda,3154
hjef,3155
haai,3170
hcjj,3170
hcec,3172
hebg,3173
hicb,3173
hcda,3179
hgje,3183
hijb,3204
hbcd,3221
habf,3229
hfhb,3251
hjdd,3262
hbje,3270
hghb,3272
hhaf,3275
hgbc,3279
haab,3280
hcbj,3300
hffa,3304
hiag,3311
hgdj,3312
hjeh,3315
hdbf,3332
hjhg,3361
hfde,3370
hcbh,3371
hfdi,3387
hcid,3391
hheg,3392
hcad,3409
hgii,3432
hidg,3445
hadi,3458
hacb,3469
heje,3472
hgba,3481
hibc,3502
hafg,3511
hbja,3513
hagb,3520
haib,3533
hfdd,3533
hjca,3538
hiei,3539
hijg,3549
hdah,3559
hcii,3562
hhbd,3577
hhhd,3623
hghj,3639
hhje,3647
hiji,3661
hhfh,3666
hihj,3687
hcib,3692
haje,3698
hbaf,3714
hjhj,3736
hddc,3738
hdja,3744
habh,3750
haic,3759
heea,3765
heed,3773
heji,3777
hidf,3778
hjcc,3779
hfea,3780
heae,3782
hife,3785
hdag,3791
hihg,3795
hdba,3803
hhih,3820
hdhg,3824
hgjg,3826
hgcd,3848
habi,3850
heig,3852
hjhd,3854
hiah,3863
hfci,3879
hjfa,3890
hchj,3892
haga,3893
hhij,3898
hjgc,3950
heah,3958
hdci,3959
haef,3962
hcfc,3965
hefb,3967
hahe,3975
hidi,3993
hcje,3994
hgid,3996
hiaf,3996
hcfh,3997
hjic,4001
hdhb,4012
hgha,4015
hjed,4015
hiee,4016
hjfd,4022
hgah,4028
hbfa,4029
hfgf,4030
hdgg,4057
hifa,4068
hfcc,4076
hfcb,4108
hhjj,4109
hgda,4119
hfih,4133
hgih,4185
hjjj,4199
hbhh,4206
haeb,4220
hjga,4225
hecc,4249
hbhi,4257
hjif,4259
hdjc,4270
heha,4276
hjgg,4278
hacg,4287
hhjd,4290
hdce,4291
hcff,4298
hibd,4313
hihh,4314
hehj,4316
hjdb,4334
hdjb,4338
haeh,4341
hcdj,4342
hdej,4347
hggh,4351
heag,4353
hcgb,4356
hhbh,4357
hijd,4362
hagj,4377
hhbc,4377
hcdh,4381
hegd,4382
hdei,4390
hfge,4395
hfab,4405
hffh,4406
hija,4437
hbbh,4449
haij,4450
hhad,4459
hacf,4463
hiig,4475
heif,4477
hage,4493
hagd,4506
hgdc,4518
haaa,4523
hfjc,4531
hcdf,4535
hbfe,4555
hdhj,4566
hjee,4580
hfbf,4585
hbcj,4586
hche,4596
hhdg,4613
hajh,4617
hece,4620
hadd,4621
hiaj,4625
hebe,4627
hdac,4631
hieg,4656
hhda,4666
haaj,4676
hefa,4683
hcbg,4724
hgcj,4731
hdbj,4736
hhai,4746
habg,4757
hbfj,4757
heaf,4762
heeh,4772
hiic,4774
hdhf,4811
hiai,4821
hdbg,4822
hbij,4875
heba,4876
hfif,4883
hiif,4912
hgce,4919
hbeb,4926
hjea,4927
hffg,4929
hhji,4943
hiha,4944
hahc,4949
hhjg,4959
hdha,4960
hifj,4961
hicf,4963
hidb,4963
hgie,4981
hbfb,4982
hhdd,4986
hjbi,4986
hbae,5002
higa,5013
heia,5018
hdcb,5023
hgbe,5041
hjgj,5041
hdbb,5103
hchb,5109
hghh,5119
hggg,5127
hhcg,5132
hdfh,5150
hjgf,5156
hffj,5160
hfgg,5165
heec,5172
hhfc,5176
hgfh,5181
haed,5182
heda,5188
hefg,5210
hebi,5223
hhfj,5225
hdig,5233
hach,5238
hcfa,5241
heee,5247
hbca,5251
hdbd,5256
hbdh,5257
hhbj,5261
hfaa,5269
hdib,5275
hfjf,5278
hdaa,5284
haii,5298
hjgh,5313
hbej,5328
hcdc,5328
hcbc,5344
hhbe,5345
hjaj,5345
hbaa,5347
hjda,5347
hhhf,5364
heja,5372
hfhe,5379
hifd,5385
hhja,5397
higi,5408
hjdj,5426
hgad,5439
heab,5461
hieh,5465
hfib,5471
hfdb,5500
hceg,5501
hjbf,5510
hhcb,5535
hddj,5554
hdgc,5556
hcah,5571
hceh,5589
hjdc,5595
hfji,5604
hifc,5605
hbif,5631
hgij,5635
hfii,5642
hchc,5645
hfja,5645
hgbh,5648
hgdi,5668
hdje,5676
hdai,5677
hbcf,5701
hhbf,5710
hfag,5718
hccc,5759
hgac,5762
hedj,5765
haid,5789
haae,5800
hehd,5800
hdfe,5822
hfce,5839
hgic,5845
hgec,5847
hdcc,5851
hcjg,5852
hgfb,5854
hefh,5867
hgeh,5871
hecd,5874
hccg,5884
hfca,5908
hffc,5909
hgai,5937
hidc,5944
hheh,5949
hagf,5970
hbgh,5986
hdfg,6001
heci,6011
heei,6012
hhdf,6013
hhhg,6029
hbfd,6032
hega,6042
hgfe,6054
hadj,6058
hgjf,6058
hedi,6081
haih,6093
hbhj,6094
hdcj,6097
hbgi,6106
hbjb,6107
haad,6120
hgbf,6130
haig,6148
hjae,6158
hbbb,6159
hfjj,6159
hdgb,6175
hgbb,6182
hefe,6193
hfei,6195
haji,6197
hdcf,6197
hidh,6221
haie,6229
hhge,6238
hief,6242
hhbi,6248
hehc,6249
hafj,6257
hiec,6257
hbdi,6260
hgga,6264
hddi,6278
hfjd,6306
hjah,6306
hejh,6330
hjjf,6344
hjba,6345
hegc,6358
hddf,6367
hbcb,6375
hcfg,6383
hjhe,6385
hjbe,6392
hjhi,6397
hgea,6403
hadf,6413
hfbe,6420
heaa,6421
hiie,6423
habc,6433
hdeb,6433
hcag,6449
hbbj,6460
hegg,6505
hdfi,6509
hchf,6510
haec,6516
hdde,6525
hgei,6536
hjig,6540
hbhe,6551
hfae,6558
hhha,6563
hcgf,6585
hhfi,6585
hcai,6591
hbfh,6592
hgbi,6615
hahg,6623
hgfi,6623
hfbh,6624
hjib,6640
hbad,6648
hddh,6668
hbci,6671
hbge,6675
hfjg,6688
heii,6696
hifg,6700
hffi,6709
hfeg,6713
heff,6727
hgji,6761
hhei,6762
hjec,6763
hdhc,6769
hjff,6775
heej,6787
hicg,6790
hfec,6799
hjfi,6813
hdge,6825
hbhb,6829
heac,6847
hggi,6869
hjad,6872
hige,6880
hgee,6893
hfhg,6906
hifh,6927
hbdc,6928
hhjh,6945
hhgg,6946
hbig,6952
hihi,6969
hffe,6974
hgge,6976
hjcg,6977
hijf,6983
hhae,6991
hdec,7009
haah,7045
hhgj,7053
hcaj,7058
hggb,7094
hjeb,7108
hdbi,7113
heid,7125
hggd,7134
hhif,7136
hggj,7147
hjdg,7187
hiea,7198
hccj,7203
hjfh,7235
hadb,7268
hibh,7297
heib,7304
higd,7309
heeb,7310
hhdb,7316
hfij,7317
hcgi,7318
hdcd,7327
haia,7354
hgdg,7375
hffd,7380
hagh,7382
hgfc,7393
hcgg,7415
hcih,7428
hdih,7432
hfcg,7432
hhhe,7432
hhce,7439
hdjf,7447
hfbd,7461
hice,7463
hfhc,7470
hjbd,7471
hcgh,7473
hfhf,7497
hfdj,7504
hgdb,7514
hcgj,7522
hbga,7531
hbag,7534
hfcf,7549
hded,7550
hihd,7553
hfcj,7562
hjaf,7573
hbid,7589
hdfa,7600
hdga,7600
hibf,7604
hfjb,7610
hhch,7618
hjja,7649
hbbi,7673
hdhi,7675
hcig,7689
haei,7713
hadh,7721
hhba,7732
hdjg,7733
hhjf,7740
hhah,7741
hcci,7747
hhie,7750
hdca,7753
hhee,7768
hibi,7776
heih,7799
hfda,7800
hfha,7831
hheb,7839
hjii,7847
hehf,7848
hiab,7858
hfad,7870
hfje,7898
hfic,7909
hcja,7910
hjac,7915
hfai,7925
hcde,7932
hebd,7937
hiad,7946
hijh,7952
hgch,7959
hgaa,7969
hajc,7970
hbah,7977
hicj,8085
hbfg,8086
hjdf,8105
hcfe,8112
hbdj,8116
hcha,8167
hcdb,8171
hifi,8195
hjjc,8218
hjai,8239
hjje,8245
hcca,8246
hici,8261
hidj,8266
hgbj,8268
hbdf,8283
heic,8283
hbib,8286
hbbe,8301
hgjh,8310
hfeh,8317
hede,8327
hfaj,8339
hbdb,8370
hjag,8376
heaj,8380
hedd,8388
haeg,8412
hafc,8435
hfhh,8444
hchi,8451
hffb,8456
hdbe,8494
hfah,8510
hegh,8511
hjgb,8512
hfdf,8525
hfgj,8553
hbii,8576
hajd,8579
hgdh,8595
hjci,8597
hhic,8602
hjab,8605
hfch,8608
haej,8614
hfbj,8634
hcgc,8653
hgff,8664
hbba,8665
haja,8702
hiid,8703
hfbi,8736
hahh,8739
haea,8749
hdgi,8749
hgfj,8750
hbih,8756
hbbd,8777
hgej,8780
hedb,8785
hahb,8793
hdhh,8797
hbai,8805
hajf,8815
hcij,8866
hdid,8867
hhfd,8873
hjjh,8875
hhib,8877
hdif,8883
hdea,8911
hejf,8914
hbef,8929
hefd,8932
hegj,8939
hijj,8957
hecb,8967
hhff,8967
hbjf,8980
hbbc,8999
haca,9006
hege,9009
habd,9012
hcdd,9013
hhdc,9022
hccf,9030
hedh,9033
hhcd,9074
hefi,9080
hfdh,9088
hejb,9090
hbgg,9094
hbaj,9114
hgcg,9126
hhhj,9143
hgeb,9150
hhgi,9150
hhci,9155
hajb,9191
hejj,9192
hacd,9202
hgfg,9204
hcae,9207
hdaf,9227
hddb,9243
hbdd,9245
heij,9284
hgja,9287
hgag,9289
hcjf,9296
hdjd,9300
hgde,9306
hbdg,9311
hgca,9317
hbjd,9344
hiba,9358
hhdj,9359
hbff,9362
hdfc,9371
hfac,9380
hjaa,9384
hebb,9407
hiff,9420
hjcb,9423
hcia,9426
hidd,9448
hfgi,9471
hbgc,9479
hcac,9482
hedg,9502
hjeg,9525
hbia,9534
head,9542
hghf,9542
hgci,9545
hcif,9565
hfef,9571
hcjc,9574
hfdg,9579
hjdh,9582
haee,9584
hcef,9591
hjfj,9616
hhej,9640
hihe,9658
hdda,9666
hecg,9673
hged,9682
hfaf,9694
hgjb,9696
hieb,9703
hjij,9705
hhfg,9718
hbed,9722
hcge,9722
hbei,9730
hdjh,9734
hbac,9738
hade,9741
hhhb,9750
hjid,9764
hgab,9787
haha,9792
heef,9799
hdfd,9803
hjgd,9820
hebh,9860
hghd,9862
hagc,9877
hddg,9877
hgdd,9881
hejc,9905
heai,9911
hebj,9911
hecf,9925
higc,9925
hdfj,9960
hibe,9984
hhca,9992
hjcd,9993
