aadh,6
abdg,7
ajbj,12
agah,15
aiig,16
ahjh,20
aicc,36
ajec,39
aiab,41
afjj,54
agab,56
ahcj,72
ahdc,80
aidc,102
aabg,109
ajdh,111
adfa,139
adfd,159
aech,160
agfi,163
acij,164
aagg,166
addd,174
aabd,176
abgg,188
abjf,190
ahbf,237
aahh,263
abfg,275
aebg,275
agai,296
acae,304
aabh,305
ahca,336
aage,365
abjc,369
abdh,398
ahfh,410
ajbb,416
abhc,430
afbg,434
ajcj,455
afff,457
agha,460
ajeh,489
ajfa,502
acjh,509
acif,521
aadd,525
afcd,531
adig,535
addf,556
adah,566
ajca,579
aadi,599
aeef,629
adgf,639
aadc,641
agac,666
accb,673
abjd,685
aidg,719
aida,721
afde,767
adbd,771
aiba,773
afib,776
afic,794
agfa,802
aibj,830
abee,835
aibh,854
abjb,868
aihb,887
aaie,909
acfg,916
affc,932
ajah,939
ahaj,944
adbe,971
aaea,1005
aahe,1006
abcd,1008
agfg,1017
aabj,1024
aieh,1034
abhg,1043
accj,1044
abbe,1060
acab,1116
addi,1122
abbc,1166
aiea,1179
ahbh,1186
aiii,1189
acib,1190
ahgg,1195
acfa,1202
aihf,1206
acdd,1210
addh,1215
aecf,1216
acac,1218
aafe,1237
aaac,1240
adib,1242
aebe,1258
abhf,1265
aibi,1281
aige,1284
adbg,1293
abbi,1323
abja,1340
aheb,1353
ahdi,1366
aeaa,1368
agci,1394
ajja,1399
abid,1403
acca,1410
acig,1410
acbd,1411
aiie,1412
acia,1451
adec,1458
aiae,1483
afbi,1510
abeg,1523
adce,1524
adji,1532
agag,1542
ajgc,1543
abje,1557
agaa,1567
adfg,1588
afci,1602
afcj,1608
afhe,1616
afai,1633
aeie,1646
agcj,1659
afhh,1661
ajee,1666
abcc,1697
aaii,1699
ahce,1709
addj,1710
afcf,1719
aggc,1724
afgd,1743
abjh,1745
afgc,1756
abde,1769
accd,1779
ahji,1787
aebh,1793
adic,1800
aejc,1811
ajfg,1835
adgi,1854
abef,1855
aaja,1864
ajcf,1870
afbb,1896
aicg,1922
abfi,1925
abea,1929
adci,1938
afhf,1941
adai,1944
afag,1950
acgj,1968
ahih,1972
aafg,1986
aiag,1986
aheh,1995
afbd,2003
aigh,2004
aeib,2038
aaeh,2060
abbf,2075
afba,2081
ajfe,2100
ahbd,2107
aeee,2108
aiic,2118
acdc,2160
abga,2162
aadj,2174
ahbg,2182
abai,2206
abdj,2213
abbb,2229
ahhe,2245
ahjc,2260
agbh,2269
ahdj,2269
aegb,2271
abag,2277
aihc,2278
agff,2297
aeea,2319
ajef,2324
aabf,2349
achh,2353
abii,2354
aijh,2355
aahj,2380
abib,2383
aeeh,2383
abfc,2385
acgb,2393
adbc,2401
ahfd,2401
acfi,2402
aije,2406
agfj,2411
ahgi,2420
ahdg,2443
acdf,2465
ahie,2472
aicd,2472
ahje,2473
adaa,2477
aaef,2483
aecb,2489
afgf,2524
aiac,2524
aahc,2539
aigj,2550
agde,2562
adcj,2573
aiee,2576
aihh,2580
ahgc,2582
aidi,2602
aghh,2614
ajhj,2615
aafj,2616
aaaf,2624
agig,2634
abia,2666
afea,2666
adhj,2682
aefj,2692
agga,2699
afdh,2718
acej,2746
adhe,2754
adfb,2766
acef,2768
ahff,2787
aihd,2793
agij,2797
aijd,2799
aedf,2800
ajdd,2803
afdf,2806
acie,2823
acgi,2834
aeae,2844
aibd,2848
agca,2850
aigc,2868
adja,2869
achg,2873
aejb,2875
aaih,2895
aghj,2901
ajge,2903
aggj,2904
abab,2921
ahgf,2922
ahei,2926
aada,2933
agdb,2961
aeec,3019
agge,3020
adcg,3026
agce,3053
afge,3058
abca,3064
aegg,3080
acgc,3082
aafa,3084
ahia,3092
abed,3095
ajcc,3111
ajhe,3112
ageb,3140
ahfg,3147
acaf,3164
abcb,3187
agji,3196
ahda,3206
agaj,3232
aedb,3237
aahg,3239
adaf,3239
agad,3249
ahgd,3266
abah,3269
afgh,3278
aaga,3283
aejg,3287
abcf,3309
ajaj,3333
ajia,3345
acbf,3356
aigi,3356
adbb,3396
aeba,3396
afeh,3396
acbe,3406
aaej,3407
aceg,3413
aacf,3415
agba,3415
adgj,3420
acfh,3429
aeig,3437
ajea,3445
aifg,3466
abhi,3467
abhh,3468
ahai,3474
abda,3479
aagb,3488
aehc,3506
agbb,3513
adfj,3527
ahbc,3533
ahfe,3534
ajad,3535
aace,3559
afje,3590
abfe,3592
aigg,3596
adee,3603
achi,3636
acda,3639
ahab,3656
ajhh,3660
agei,3665
adcc,3667
aaia,3671
abae,3677
aieg,3677
afeg,3693
adeg,3698
adcb,3702
agee,3702
aced,3704
aicj,3709
ahib,3719
agif,3722
acih,3739
aajg,3743
ajgb,3748
afec,3749
achd,3753
aich,3763
afcg,3777
aejd,3796
agjb,3813
aeag,3827
acff,3835
aabb,3837
aica,3860
afdg,3868
ajdi,3877
aiia,3891
aibe,3897
adjb,3908
aeia,3910
ahcd,3920
aagd,3925
aebf,3926
aegd,3927
aeac,3937
adab,3939
acii,3950
aicb,3962
aead,3972
abdb,3982
agid,3985
ahde,3988
agbc,4008
aehe,4044
ajji,4058
agdh,4105
adch,4106
agjh,4111
ajda,4114
agfd,4115
aefh,4121
afih,4150
adcd,4160
aidb,4168
ahid,4170
ajeg,4196
aafi,4202
agbd,4210
abhj,4211
abgi,4216
ajci,4225
afij,4228
afhb,4260
aaci,4278
affe,4278
aggf,4287
adgc,4294
adac,4299
ahbi,4310
acgh,4329
abgd,4336
aceh,4344
ahfj,4357
aaah,4358
aeah,4362
acdg,4374
ahcf,4394
aahd,4404
aidh,4413
addb,4415
acdh,4426
afdb,4431
aggb,4434
abec,4443
ajae,4462
acga,4473
aahf,4490
afjh,4491
ajcg,4497
aiff,4499
abjg,4504
ahaf,4507
aaji,4528
aiei,4538
afgg,4549
agjd,4561
abac,4584
aegh,4585
aifd,4604
afig,4607
aifi,4614
aiij,4630
aaaj,4647
ajba,4659
aiah,4665
agfh,4688
ahfc,4726
agia,4741
ajag,4741
aeej,4743
aggi,4744
aifb,4750
adhi,4751
agii,4762
abeb,4769
aiaf,4770
aceb,4780
acdb,4786
aeed,4844
aefb,4857
ahci,4857
adaj,4858
ajjh,4861
adjc,4863
adag,4870
aiih,4878
adeh,4896
ajaa,4905
afji,4925
adha,4927
aeaj,4930
aiej,4959
abbh,4961
abij,4964
aajb,4983
abbg,5015
adii,5031
agef,5043
ajij,5053
acje,5058
abjj,5072
afif,5072
adcf,5077
aege,5082
agcd,5087
ahhd,5090
agbj,5114
aeeg,5123
afha,5131
aagc,5143
ajjc,5153
adhg,5166
abaj,5179
aebd,5196
agjg,5200
afej,5203
adbf,5224
aade,5240
afgi,5242
adbj,5243
aaje,5260
ahjd,5263
acaj,5271
acfd,5280
abff,5283
agae,5289
ahfa,5291
afjf,5295
aaif,5301
afgb,5304
aebj,5306
adbi,5315
ajab,5316
afhc,5330
aigb,5335
afhi,5337
ajih,5338
abfj,5363
adej,5365
ahef,5388
adgd,5389
aacb,5400
abgb,5405
acic,5414
acjj,5416
ajig,5419
aajh,5426
aghi,5434
acag,5452
ajdb,5482
aach,5484
afjb,5494
aifh,5496
afdj,5501
ahag,5509
ahhh,5513
aeci,5516
aaaa,5544
aiad,5554
aecc,5566
ahhb,5566
adad,5577
abaf,5591
abhe,5593
aaee,5599
ahif,5609
abfh,5613
aecg,5613
aehf,5614
agbg,5634
abba,5649
adje,5650
acbb,5651
aigd,5659
ajhd,5665
abcg,5669
afda,5683
afbj,5690
aiif,5693
afac,5718
ahic,5723
afdc,5728
ajgg,5762
agic,5768
ajdc,5771
agej,5774
abdc,5822
abeh,5850
abdf,5851
afjc,5885
aabc,5902
aacd,5904
aegc,5929
ajbe,5933
adgg,5946
ajbh,5949
abih,5977
ahgh,5985
aaib,5986
aece,6005
adjj,6009
aaec,6011
afga,6015
ahii,6020
aghc,6044
ajfj,6060
adea,6073
aide,6074
aeca,6083
ahhj,6108
afaf,6114
aghe,6130
abhb,6146
aeda,6169
aebc,6173
afdi,6174
aadb,6175
acee,6192
ajjg,6207
acjg,6230
abfb,6232
agib,6237
aadf,6241
adhc,6252
ajed,6290
ajch,6312
aaai,6320
ahja,6329
afbf,6336
abji,6370
adhd,6385
aafh,6398
ahhf,6432
acbh,6445
adhh,6453
aeab,6459
aedd,6459
aabe,6471
afaa,6477
aihg,6477
adeb,6479
ageg,6484
agja,6485
ajbc,6493
addc,6512
agfb,6515
acdi,6517
ajii,6518
aejj,6519
ajai,6524
abce,6546
abcj,6549
aahi,6550
ajdf,6585
aggh,6592
aegj,6595
ajfh,6598
agjf,6604
afee,6610
ahhc,6619
acai,6632
acgd,6634
aiai,6635
abch,6642
ahij,6653
ahed,6679
ajhi,6683
abig,6687
aeaf,6692
agie,6704
abbj,6714
agcg,6734
aagf,6736
abif,6740
aagi,6742
aijb,6747
ajdg,6747
achc,6748
aiaj,6766
ajbd,6778
ahea,6794
abic,6796
aeje,6802
aiib,6808
abei,6816
ajhb,6821
aggg,6827
ahhg,6830
ahga,6834
ahec,6836
aajj,6837
aibc,6837
acbj,6858
adgh,6865
afia,6865
ahcg,6876
aegi,6880
aacj,6885
aejf,6893
ajcd,6896
agcf,6902
aaed,6907
ahch,6909
aeeb,6911
ajgf,6913
aheg,6916
adgb,6925
adfe,6926
adff,6944
ahbj,6944
ahig,6957
ahjj,6958
agcc,6960
abfd,6966
ajff,6970
acfb,6975
aajd,7007
ahaa,7015
afah,7016
ajgi,7024
afhj,7048
ajga,7053
afgj,7075
afae,7077
aiec,7082
ahah,7085
adge,7099
ahcc,7110
aagj,7117
agcb,7117
aggd,7118
aecj,7145
ahcb,7147
ajie,7151
adjd,7163
aedi,7163
aefg,7176
ajib,7185
ahge,7190
aede,7209
agdg,7220
aife,7222
agjc,7232
aefc,7233
adid,7238
agje,7284
aecd,7298
affj,7325
aief,7332
agea,7337
aidj,7355
afed,7356
acdj,7358
aihj,7368
acci,7380
agec,7381
aedh,7389
affb,7394
adfi,7403
aaab,7404
acaa,7405
abgf,7466
aeid,7495
adei,7515
agdj,7516
aaig,7549
acid,7575
ahej,7578
ajaf,7592
aijf,7601
aega,7619
affd,7651
acbc,7655
agbe,7662
aebb,7667
aefa,7689
adae,7692
aged,7697
acah,7700
acce,7711
aaic,7712
agih,7721
accc,7726
aahb,7747
adie,7753
afdd,7753
afab,7768
abad,7786
afid,7797
aabi,7798
aijj,7802
adjg,7803
ajic,7819
acjd,7822
afja,7827
aeji,7831
acad,7835
aghd,7841
ahae,7849
agch,7865
aeja,7866
ajbf,7906
agda,7919
adhb,7928
ahdf,7929
ahdd,7935
aidf,7937
adij,7938
aajc,7943
adjh,7948
agfe,7954
ajhg,7989
aehi,7997
aied,8016
acha,8040
affh,8055
ajjf,8056
abdd,8064
agdc,8067
aijg,8094
aaij,8103
acbg,8152
adia,8170
ajhc,8175
ahjg,8185
ahbb,8215
aifa,8216
ajce,8218
ahdb,8225
ahha,8254
afeb,8255
acba,8263
ajei,8273
acfj,8296
aajf,8309
adjf,8315
accg,8322
afbc,8338
afhg,8374
ahac,8377
acja,8387
aaha,8393
abha,8393
acgf,8408
aaag,8413
acjb,8424
afie,8427
ahhi,8427
aeif,8430
aghb,8433
achj,8439
ajid,8449
aibg,8458
afjg,8460
aaba,8471
aded,8474
aefe,8508
ajeb,8536
ahbe,8552
afcc,8565
acch,8567
aafd,8571
agdd,8585
aihi,8592
agaf,8634
afei,8674
ajac,8689
aifj,8700
aehj,8713
aaff,8718
afca,8720
adif,8726
adbh,8734
abci,8735
ajfc,8752
acfe,8755
aeei,8774
adef,8781
agbf,8787
aafc,8807
aacg,8809
aeih,8822
ajbg,8823
aaid,8830
ajfb,8852
aicf,8861
acjf,8865
adga,8877
afhd,8881
aici,8882
achb,8883
abaa,8895
adca,8898
aihe,8903
aeii,8904
acjc,8910
ahgj,8914
abfa,8916
aifc,8921
aiaa,8934
ache,8940
aigf,8943
acde,8973
aafb,8980
aedj,9000
adba,9005
ajde,9018
aaad,9065
ajcb,9067
adfc,9068
aaeb,9070
affa,9086
acgg,9099
ajje,9099
abdi,9120
aacc,9135
ajbi,9136
aaei,9140
afch,9164
aiid,9165
aehh,9167
ajgd,9176
afbh,9181
abhd,9188
abej,9198
aehb,9199
aiga,9205
ahjb,9206
acei,9213
aice,9225
aghg,9236
agfc,9244
aaae,9247
ahgb,9254
aaeg,9257
ajha,9273
accf,9283
agbi,9290
achf,9292
ajjd,9294
abgj,9308
aehd,9309
aibf,9309
acbi,9333
ageh,9336
adih,9342
abgc,9345
abie,9349
aiha,9359
acec,9361
affg,9371
afcb,9377
afbe,9391
ahad,9411
ahjf,9450
afii,9479
aegf,9491
afef,9493
aeai,9497
ahdh,9498
aadg,9501
aedg,9503
adda,9522
afce,9525
aeij,9539
acji,9547
ajjj,9583
afjd,9584
aeff,9590
aidd,9597
aiji,9605
aefd,9607
ahfb,9614
aebi,9620
affi,9621
ajdj,9623
ajfi,9634
ajgj,9639
ajgh,9650
ajej,9685
ahfi,9696
acea,9697
agdf,9709
abbd,9713
agdi,9724
aibb,9727
aieb,9727
aghf,9746
aefi,9750
addg,9765
acfc,9772
ahee,9813
abge,9821
abgh,9828
aaca,9840
ajhf,9842
adhf,9855
aagh,9867
aejh,9882
ajif,9920
aeic,9922
ajjb,9923
aija,9930
aeha,9937
aehg,9938
agjj,9944
afaj,9948
adfh,9952
acge,9955
aedc,9956
aijc,9965
ajfd,9965
afad,9984
ahba,9987
adde,9993
