eiag,3
eedj,13
eajf,18
ejdb,26
ejaj,33
egec,53
ebja,55
ecjd,62
eeag,76
efgi,84
eifb,85
efja,94
egih,95
ehaj,104
efaj,109
eeic,112
ejje,113
eade,127
ejcc,135
edah,136
eaef,149
ejdc,154
eahe,218
ebaf,219
efgg,221
efga,227
efad,234
eejc,260
eeig,262
ecff,267
eijb,271
eicg,295
ebdi,305
efhi,330
edda,353
ejfc,358
ebdj,366
echg,368
eicb,395
ebgd,398
edfg,402
eahd,406
eddh,410
egjc,419
egii,421
efje,428
edhi,441
ebjf,442
ecai,442
efhg,461
eccc,465
ecej,469
ejib,471
efif,496
eeeb,498
eaec,500
eeaj,517
ejdh,529
eiei,536
efjj,539
efce,543
eehb,544
eefi,562
ehhg,562
ejea,562
eiai,570
edcj,622
efjh,649
ecbd,704
ejcg,708
ejgb,715
eafa,733
ejjj,739
egdg,746
ehib,749
ebgb,750
ehhd,758
eiae,762
ebfe,774
ecaa,790
ebdf,791
efhe,798
edac,800
ebgi,820
egjh,840
ehhj,847
ebei,850
eecd,858
efhf,864
ehdj,876
edfb,883
ecgg,897
ehhb,898
eghg,908
ehbj,916
eace,946
edgg,960
eefd,978
ejid,989
ecie,1002
ehcb,1006
eebe,1008
ebaj,1015
eaae,1023
ejij,1087
ejhc,1094
ecbh,1097
eihe,1119
egbd,1121
eeca,1125
eadc,1132
eeac,1145
eeei,1152
ebgg,1190
ecdc,1191
egad,1215
ehde,1229
efdf,1252
ehfi,1255
eaad,1264
eiff,1268
ecfi,1282
eabc,1290
edhb,1294
eibj,1297
effg,1306
ebfj,1327
eead,1328
ejff,1365
ehgc,1380
ejbg,1405
ebbb,1417
efjf,1418
eecc,1424
ecgj,1425
eeie,1435
ehah,1436
edcb,1448
ehga,1450
edag,1457
efjb,1459
ehfa,1477
eehj,1482
ebgj,1495
ebjg,1509
ebij,1518
efic,1533
eadi,1534
edaj,1536
eegi,1550
egcd,1569
eheg,1574
ejeg,1581
eebb,1584
eeec,1598
efbi,1598
efhh,1615
egbg,1617
ejjb,1646
ebej,1647
ecjj,1667
edeh,1692
edie,1706
ecgc,1725
ebbe,1736
ejaf,1763
edgh,1764
efdh,1788
eidb,1791
eija,1805
eaba,1810
eefg,1810
ehbb,1811
ebch,1828
ebbc,1842
eici,1847
eebi,1855
efhd,1860
efea,1898
ejhg,1898
edhj,1901
ejef,1904
ecjh,1906
eggb,1923
ehji,1934
ejji,1934
efgf,1943
ejga,1961
ehdc,1970
ejbe,1972
ejgj,1976
ejda,1983
ehhh,2003
edei,2024
eacj,2027
ejci,2031
egag,2079
eiii,2107
eedh,2124
egha,2128
egij,2144
echa,2150
ejgg,2150
efjd,2160
ebgh,2167
eijh,2172
edfj,2176
egje,2189
eebh,2194
efcj,2194
ebde,2195
ecba,2212
eccf,2217
ehdb,2231
ebfg,2248
efef,2249
ebjc,2268
ecdb,2302
eeif,2304
ehfe,2308
eaei,2311
ebjj,2329
edch,2333
ebcj,2338
ecdg,2348
ejig,2355
eiia,2370
egef,2374
eiec,2374
ebih,2376
eadg,2385
ebeg,2387
edhf,2396
eggj,2407
egaj,2409
ehif,2418
egfi,2426
ebhf,2430
eigg,2448
efed,2464
eeje,2497
edca,2507
edcc,2507
eadb,2511
eiif,2524
egib,2525
edbd,2526
ecii,2527
ebha,2534
eaej,2539
eaij,2566
egfa,2579
edde,2601
egch,2605
eeja,2607
ehgf,2609
effe,2611
eihg,2614
efgd,2616
ejhb,2617
eief,2619
ehca,2625
ejdd,2627
ehbc,2630
ehci,2631
eacf,2641
eeea,2642
ecec,2655
eeee,2674
echh,2681
ebhe,2683
eeab,2714
eceb,2740
eaab,2753
ejeb,2766
ebii,2789
ecdh,2789
ecdj,2790
ecaj,2794
edgj,2801
ehcg,2814
eajc,2833
egbj,2849
ebbi,2908
ehfb,2911
edec,2931
eife,2936
ebjh,2942
eabi,2956
ejcj,2973
egcg,2987
edeg,2988
eicc,2993
edgi,2996
eajg,3005
ecgh,3007
eefj,3010
eaah,3027
ebid,3042
edfh,3049
edje,3055
ebia,3070
eide,3083
eegb,3084
eafe,3143
ecia,3150
eihj,3150
ecce,3153
ebah,3162
eeaa,3168
eaje,3174
eica,3197
eifh,3231
egba,3236
egfd,3240
ehaa,3247
ehcc,3249
eadd,3270
efdg,3270
eabe,3297
ehjc,3301
eihb,3324
ecdd,3328
edaa,3331
ejii,3333
eccj,3343
eaeb,3344
eejf,3364
effj,3366
eije,3372
eidi,3375
ejca,3379
eebf,3395
eida,3401
ebcf,3410
egjf,3417
ebad,3420
ehgd,3420
eghj,3421
ecee,3444
ecjf,3453
eddg,3457
egff,3469
eihh,3470
ejdi,3473
efbd,3492
eaaj,3494
ejbj,3512
ecbb,3513
edcf,3516
edba,3517
ebfh,3523
ebca,3545
eaha,3554
ejec,3580
eiaa,3591
eghi,3594
efda,3621
ejhd,3642
eihd,3643
ebac,3648
eiab,3652
eedd,3667
edga,3671
ejdf,3683
ejha,3710
egic,3712
ehee,3714
eahc,3724
echi,3727
effd,3732
eahi,3742
eggh,3744
ehic,3758
eaee,3775
ebie,3776
ehfc,3776
eifi,3780
egbh,3786
ebbd,3800
efeb,3825
efab,3843
eceg,3880
ebcc,3884
ehii,3893
eibe,3893
eagb,3915
eeaf,3933
ehei,3933
ehdi,3934
efaa,3935
egfb,3939
ecfh,3950
eedg,3952
eacc,3955
ejbb,3955
ejbh,3961
eaid,3966
eebj,3976
eehg,3978
efge,3980
eadj,3984
ehdg,3994
edjh,4015
egaa,4019
ejgc,4023
eagj,4028
ecad,4028
edef,4035
eihc,4073
ehhe,4076
eabd,4079
ejgh,4085
edfi,4096
efjg,4103
eeib,4104
ejhj,4116
eedc,4118
ehbh,4129
ehbg,4143
ehge,4143
eajd,4147
echc,4165
ecdi,4176
ehae,4176
ehjg,4187
ehea,4196
efcb,4206
eheh,4209
eiih,4213
efbc,4214
ehaf,4225
eeff,4242
edjd,4269
ejia,4279
eieh,4289
ejac,4292
egdc,4295
efid,4300
ecge,4307
egcc,4309
eeed,4331
ejif,4345
edif,4376
eccg,4382
ejdg,4391
ebfb,4395
eahb,4406
ehbe,4412
edgb,4449
eicf,4461
efeg,4465
ecjg,4470
eaib,4475
eecf,4480
eabj,4490
ecij,4518
eaea,4521
eaag,4547
eehi,4550
eijj,4616
ebbh,4626
ecgb,4627
egjj,4635
ejce,4655
ecje,4657
ecch,4663
eadh,4675
eafd,4688
ebbj,4696
egdd,4722
ehfd,4726
eefh,4737
egcf,4737
ejbf,4744
edbe,4752
eefc,4778
ejde,4798
echd,4805
eiie,4821
edig,4834
ehbi,4843
eeci,4847
egfh,4848
ejhi,4850
ehba,4857
ecae,4869
eehe,4876
efii,4880
eeia,4889
efha,4914
eiha,4917
egia,4929
eifd,4931
ebib,4938
eiad,4940
edab,4962
egfc,4967
eacg,4980
ehhc,4997
ebgf,5000
ebjb,5002
eehd,5020
efji,5021
ejjg,5036
eecj,5052
ehhf,5063
eiea,5066
eaic,5067
ebhh,5071
eige,5074
efcc,5076
eddb,5105
ehje,5116
ehfh,5122
eded,5142
ecci,5160
ehjd,5226
ecfa,5229
ejai,5233
eaai,5246
eafc,5273
ejbi,5309
egbb,5317
eebc,5337
ehjb,5343
eibb,5343
eddf,5352
edeb,5358
ehha,5366
egci,5386
ebje,5400
edff,5411
eaja,5416
edci,5422
ehcf,5439
eggc,5473
ehie,5475
eddi,5489
egfe,5508
eaie,5516
edia,5523
eged,5560
efbh,5564
egif,5573
ecea,5583
eddc,5584
eifa,5586
ejfb,5597
ejfg,5614
eice,5621
eiaj,5627
ecfb,5628
eegg,5637
eiig,5637
ehab,5642
efbf,5649
eghb,5663
eajh,5668
ecfd,5694
eede,5696
ejgi,5703
efcd,5705
efci,5708
efgc,5714
ejag,5730
ejfd,5755
egie,5766
edhh,5776
ehch,5780
efbg,5796
eabh,5810
eaed,5812
ebdh,5819
eebd,5823
eigj,5823
ejja,5838
eefe,5840
edhd,5842
ebga,5861
ejei,5866
eiji,5912
ehgg,5918
eeej,5934
eaji,5941
edaf,5952
egbe,5969
egjb,5981
efdb,5995
eieg,5999
egaf,6023
efdc,6037
ecdf,6060
efej,6063
eabg,6115
eagg,6141
eega,6141
ehdf,6146
eahh,6153
edji,6155
egei,6160
eich,6160
egja,6163
eeda,6170
ecjb,6172
eaci,6185
ehgj,6205
eaff,6220
ejie,6226
efde,6229
edgf,6234
egid,6248
ebae,6254
eehc,6299
eghh,6304
efch,6307
eech,6319
eaaa,6326
ecde,6330
ejcd,6330
eaii,6333
edbj,6334
eijg,6359
ebai,6372
eibc,6376
ebcd,6378
eacb,6382
ebcg,6397
ehej,6418
edhe,6436
ebgc,6453
ecag,6458
ecji,6460
eidg,6460
eicd,6498
eaga,6502
ebjd,6509
ehag,6510
eabb,6516
ehfg,6517
eaig,6538
eibi,6549
eebg,6551
ecbe,6555
edha,6559
ecbi,6589
eijc,6599
eegd,6611
ecid,6616
effc,6621
eccb,6644
egge,6646
ehac,6650
ecei,6660
eeba,6687
ehgi,6701
efih,6727
eigd,6749
eege,6752
edbi,6759
ehda,6767
eeji,6773
egjg,6785
efdi,6797
egbf,6816
ehed,6826
ebea,6834
ejed,6837
edbc,6844
edjg,6855
ehai,6882
ecig,6884
eiee,6884
ebhc,6886
edfd,6886
ejej,6891
ebhg,6894
effb,6906
eahg,6908
efec,6946
egde,6972
ebfi,6976
edja,6988
ecda,6992
egeb,6992
efgj,7018
ebhd,7022
efba,7027
echj,7029
eidj,7030
eeii,7041
eegh,7056
eeha,7070
each,7104
ecfc,7114
ejcb,7115
egji,7161
efff,7165
eeij,7176
ejae,7176
ejab,7181
eigb,7182
eaca,7184
eage,7185
efhc,7195
ecgi,7197
ehjj,7241
efgh,7250
ebag,7272
edgc,7281
ecga,7293
eacd,7295
eihf,7310
eejj,7314
efee,7317
eafg,7329
ebbf,7358
ejch,7366
eegc,7378
ehjh,7386
ejhh,7388
egdi,7404
eibg,7404
eabf,7419
ebda,7422
ebdd,7423
edii,7425
efjc,7438
ehjf,7444
edjb,7448
edbg,7455
eedi,7459
ehja,7494
edad,7496
eahf,7500
eddd,7505
eghf,7512
eijd,7540
edfc,7548
ebeh,7554
efcf,7574
eghe,7575
eccd,7588
eifj,7592
echf,7609
eagd,7634
egai,7638
efij,7641
ebdg,7642
ejfj,7645
ebhb,7654
efdj,7663
ehig,7672
eiah,7676
efia,7678
eeeg,7727
ecbc,7732
ehdh,7740
ebhj,7744
egbc,7747
egca,7779
eied,7795
edcg,7809
efei,7813
egea,7813
efig,7817
efdd,7831
edbf,7846
ecab,7847
ejjf,7848
eggi,7849
efac,7858
ecbf,7860
edce,7863
edee,7885
eigh,7886
eada,7887
eidd,7892
ecfg,7911
eibh,7917
eihi,7951
egfg,7977
edbh,7988
egjd,7988
ejaa,7995
ejee,7999
edcd,8004
egcj,8008
eedb,8016
eiid,8017
ehgb,8022
eijf,8026
edfa,8027
effh,8032
edjf,8039
efai,8041
ecgf,8056
egee,8113
ecah,8115
eafh,8123
eejh,8134
ebec,8136
edbb,8136
ehgh,8137
eiac,8139
egae,8147
ejjc,8154
edhc,8159
eiga,8164
ebge,8173
ebdc,8185
ebig,8190
ejih,8193
eibf,8204
eaif,8210
eieb,8250
eigi,8257
efhj,8275
ejfe,8279
edea,8298
edge,8306
ebcb,8324
efhb,8334
ecja,8337
ehih,8345
ebbg,8362
egdj,8384
ehbf,8396
ejad,8420
ehia,8421
eeah,8433
eddj,8443
edih,8460
ejgd,8467
edib,8468
ecgd,8484
ebic,8492
egce,8502
eadf,8507
eiba,8523
eghd,8534
ehid,8549
eeae,8556
eiaf,8567
ehbd,8570
ecif,8577
eicj,8581
eidc,8585
ebfa,8602
egah,8609
ejjh,8616
egej,8625
eefb,8630
edai,8633
eibd,8634
eggg,8651
effa,8655
ebed,8677
eaia,8693
egeg,8729
eagc,8730
ejfi,8732
ebba,8733
ebdb,8774
eheb,8792
ebff,8795
egdf,8795
eggf,8797
eche,8800
eigf,8818
ejgf,8822
ebce,8823
ebfd,8838
eecb,8843
eagf,8858
efae,8863
egac,8873
ejbd,8881
edfe,8887
eecg,8897
eiej,8900
ecih,8913
ehij,8927
edij,8931
efbe,8950
eehh,8955
ecib,8956
eeef,8958
ebji,8961
ecca,8967
eehf,8973
efib,8985
ejfh,8988
ehce,8994
ehad,8998
ecic,9009
ecaf,9019
eedf,9026
eaac,9031
ebeb,9039
ehec,9040
egdh,9052
efcg,9069
efie,9069
ebci,9078
efaf,9086
efca,9092
ejhf,9094
ecbj,9111
eaaf,9115
ehff,9123
echb,9132
edic,9136
ecjc,9145
ehfj,9149
eajb,9188
efbj,9190
ebee,9191
efah,9193
eaih,9197
efag,9207
egga,9208
ecef,9211
eahj,9219
eeeh,9225
eajj,9242
edgd,9255
ebif,9266
ejfa,9268
ehhi,9272
efbb,9283
ejba,9293
eifc,9295
eidf,9347
eigc,9383
eifg,9392
ehcd,9397
eghc,9399
ejeh,9404
egdb,9405
eejg,9411
eiij,9417
ecfj,9423
edid,9423
eegf,9426
eidh,9439
eegj,9448
ejhe,9455
eece,9464
efeh,9465
eafb,9495
ebab,9495
egda,9497
eejb,9534
eefa,9554
ecfe,9568
eagh,9570
eaeg,9583
eiic,9588
eeih,9597
ejdj,9624
eeid,9667
eced,9668
eafi,9676
ejge,9694
ebaa,9696
eeai,9709
ejic,9713
egfj,9715
egig,9717
egeh,9730
edjc,9732
edej,9747
eceh,9766
edae,9768
ehdd,9769
ejah,9790
efgb,9797
ehef,9804
effi,9824
edjj,9851
eggd,9856
ejcf,9859
ejjd,9862
eafj,9867
ebef,9872
edhg,9877
eagi,9885
eiib,9889
eaeh,9890
egbi,9896
ejbc,9923
egab,9935
ecbg,9970
ebfc,9972
ehcj,9976
ebhi,9984
ecac,9984
eejd,9985
egcb,9990
