fdcf,2
fjjf,6
fjgh,9
feac,19
fahh,32
ffdi,75
fafg,88
fbhb,93
fchg,93
fhjj,103
fiif,128
fbbd,137
fjed,146
fdcb,192
fgff,193
fjje,205
fccd,207
fhfe,209
fafd,228
ficb,254
fdch,266
fggb,276
fjej,277
fich,320
facg,321
fici,327
fcaa,328
fdbb,328
fihj,332
fhbi,340
feda,344
ffdj,344
fhdi,355
fibg,356
fedd,363
fagh,369
ffgf,396
feih,405
ffaa,427
fhfj,433
faed,436
fbfa,438
fbje,444
fijf,459
fcfg,468
ffab,476
fdbf,486
fhbf,515
fbja,521
fgeb,523
fjbi,525
fchf,533
fhfi,541
fghe,546
fffb,585
fdeh,591
faaa,592
fhga,595
fdhh,598
fbii,608
fgah,614
fiec,628
fhbg,644
ficg,658
ffbh,660
fcje,667
fhja,676
fajj,680
fcfd,691
fegd,694
fhjb,703
fbec,708
feie,709
ffig,714
feba,715
fbjc,736
fhhe,752
fhda,762
fecf,764
feeh,769
fiha,785
fche,806
figh,810
fgcf,817
fcji,825
fedc,828
feij,831
fcii,836
fgbc,855
fdib,873
fjah,882
ffhj,890
ffif,893
fdab,894
fafe,913
fhhf,940
fcjg,955
fgfa,959
fcba,986
fgdh,1006
fhgd,1016
ficj,1030
fehf,1033
fbee,1048
fcfc,1069
fbhi,1077
fejb,1087
ffje,1097
fegb,1101
fgia,1103
ffcc,1105
fjdj,1110
fjha,1119
fbgd,1121
faic,1126
fiid,1129
fbhh,1139
fhff,1159
ficc,1167
fahi,1171
fifj,1175
fahc,1176
fcdi,1184
fedg,1214
fjba,1215
feii,1221
fhad,1241
fdgc,1245
fdde,1251
fifi,1252
fhbe,1266
fafj,1268
fjdd,1280
fcej,1293
fhgb,1304
fcda,1315
ffeh,1328
ffdb,1332
fffa,1346
fbij,1352
fdif,1360
fgjj,1380
fibh,1380
fhai,1384
fage,1388
fhba,1412
febf,1419
fbge,1428
faia,1430
fcjb,1439
fgda,1444
feai,1449
fdjh,1450
fege,1465
fdfd,1468
fgaa,1474
fbbf,1483
fhfg,1492
fdbj,1543
feea,1545
ffjb,1547
fagb,1571
fhae,1579
fdaf,1584
fjfe,1597
fdgj,1601
face,1630
ffeg,1635
fffh,1646
fejh,1665
fifc,1673
fide,1688
fffg,1691
feha,1695
fijd,1707
fhje,1719
ffhc,1742
ffff,1743
fibd,1760
fhcc,1766
fcbh,1767
fheb,1768
fadb,1772
fbbe,1781
feje,1782
fidi,1784
fdhf,1796
fgha,1798
fbfc,1812
fhaj,1833
fgjd,1842
fegf,1869
fjeh,1877
fcea,1898
fbig,1908
fejc,1932
fhed,1948
fdfj,1962
fehj,1965
faih,1968
fdad,1968
fiei,1974
faaj,1983
fded,1984
faae,1990
fjac,1994
faab,1996
fjig,2003
fihg,2006
feae,2009
fhic,2034
fidd,2034
fceg,2038
faif,2040
fgdf,2052
fiig,2061
fjgg,2081
ffbb,2096
ffie,2103
fhaf,2111
ffed,2119
fdfa,2134
feid,2138
fceb,2170
fddf,2173
fgea,2209
fahg,2212
ffcg,2229
fidh,2232
fgcj,2240
fjbd,2266
fdbd,2278
fhab,2282
fhjc,2316
fhfb,2324
feca,2356
fbga,2362
fecj,2372
fgeg,2374
fdhi,2387
fica,2393
fdia,2420
fjcj,2428
ffbg,2445
fffd,2451
ffbc,2454
fheg,2463
fdeg,2470
facd,2473
fhbj,2476
fgfi,2480
fhbb,2487
fdgf,2496
fdag,2501
fcih,2513
fgce,2516
fjae,2524
ffii,2539
ffce,2543
faga,2546
feei,2547
fihe,2549
fiii,2566
fefd,2579
fegc,2584
fhci,2589
fdgi,2600
fadg,2629
fhjd,2652
fjii,2652
fedj,2664
fgdi,2666
fegh,2679
fgbe,2683
fahj,2686
fgje,2687
fhgi,2689
ffai,2700
faec,2716
fbei,2719
fbcg,2730
fefc,2742
fbfh,2745
fecb,2766
fhde,2784
fbab,2789
fhej,2804
fiae,2824
fajh,2827
fadi,2834
fedf,2837
fjde,2847
fffc,2848
febj,2854
fdbh,2866
ffeb,2868
fcgd,2876
ffcf,2887
fjci,2892
fjfc,2897
fcbi,2903
fbch,2907
fice,2907
fede,2933
fcce,2940
fdba,2942
fhbh,2943
fghd,2945
fgbf,2958
fdce,2959
fbjb,2971
fdcc,2982
fcic,2984
fdbi,2999
fbaf,3019
fhch,3030
fbgb,3032
fagc,3040
feia,3043
fdig,3055
fged,3064
fffe,3065
fehg,3066
fgbi,3104
fcca,3119
fced,3122
fbjd,3164
fjdh,3191
ffgd,3198
feic,3221
fabi,3225
fdjc,3244
fiad,3251
ffaf,3281
fibc,3288
ffea,3313
fefg,3343
faac,3356
fgcc,3368
fjjg,3370
fiba,3373
fdjb,3397
fbdb,3405
ffjg,3419
fccf,3424
fcaf,3437
fdaj,3439
fggc,3454
fadd,3465
fcbe,3507
fega,3514
fbdj,3523
ffij,3529
fegg,3531
fjhc,3539
fdhd,3553
fbjg,3554
fbda,3588
fbfg,3590
fjfb,3602
feej,3624
ffha,3625
fhge,3632
fcbj,3657
fbfe,3663
ffbj,3666
fjch,3688
fjfj,3691
fjcc,3700
fgbb,3712
fcha,3717
fiie,3720
fehe,3730
fhhi,3736
fejj,3739
fddh,3752
fhii,3756
fada,3757
fbcf,3765
ffih,3794
fbfb,3803
fihc,3829
fgef,3830
febb,3869
fdjj,3875
faah,3888
fhih,3891
fhha,3895
ffgc,3928
fgai,3942
fbgg,3992
fjag,3992
fgfe,3994
fcff,4010
fhji,4020
fhbd,4031
fjie,4036
fbgf,4037
fbhj,4044
fijc,4045
fceh,4053
fcjf,4054
fbji,4063
fcfa,4063
fhdc,4069
fabd,4070
ffjf,4087
fbhc,4099
fibj,4112
fhig,4119
faei,4121
fdef,4127
fafa,4129
fgji,4132
fcjh,4137
fdci,4139
fgij,4157
ffdc,4190
fiag,4191
fcci,4212
ffbe,4234
fief,4241
fcdf,4242
fcga,4251
fjea,4261
fiaj,4280
fibb,4301
ffaj,4324
fgfd,4327
fjce,4328
fdbg,4354
fifb,4367
fihi,4373
figb,4380
fcge,4400
fefi,4405
fdac,4426
fcad,4427
fgcd,4433
fgjc,4433
fbjh,4436
fgdg,4436
fdji,4438
fjfg,4447
fhcf,4453
fgde,4460
ffah,4475
fhhg,4486
fifg,4495
feaf,4499
ffhg,4500
fbbj,4508
fbdh,4525
fcdb,4540
fcgf,4540
fjaf,4544
ffci,4553
fbeb,4559
fgac,4559
fiih,4568
fcai,4576
fiff,4580
fchi,4586
faid,4596
fdij,4646
fcgj,4654
fhij,4660
fdhj,4674
fcfj,4680
fjhj,4698
fiic,4699
ficd,4709
fjaj,4717
fgdj,4730
fbca,4731
fhjh,4737
fjab,4759
fhgf,4761
fdgd,4763
fefh,4790
fgec,4795
faff,4796
fije,4800
ffjc,4803
fbac,4808
faci,4828
fdja,4830
feef,4837
fgaj,4851
fjcf,4852
fcbc,4872
fgcg,4872
fcdh,4894
fefb,4904
fbgi,4914
ffgb,4922
fdjg,4923
ffcb,4940
fcef,4942
fhcg,4950
fahd,4971
fbhg,4973
fdff,4973
fdfb,4990
fghc,4990
fabf,5032
faej,5046
ffae,5057
fiej,5066
fcec,5082
fcfh,5112
fajc,5129
fcij,5130
ffad,5135
fhhc,5141
fgfg,5145
fbhf,5147
fieb,5158
fhfh,5160
fhdb,5191
fece,5193
fhac,5213
fdcj,5234
fdfi,5239
fifd,5257
fggi,5272
faea,5278
fidc,5297
faib,5300
fgig,5324
fjef,5370
fbid,5371
fjgj,5378
facb,5416
fife,5428
fhcj,5435
fggg,5448
faeg,5468
fdej,5469
fgbj,5469
fgej,5478
fgii,5479
fieg,5488
ffhh,5509
faie,5528
fjia,5528
fadj,5533
fbgh,5547
fiai,5578
fecd,5601
fcae,5617
fhgc,5624
fhdf,5649
fdfc,5662
fgbd,5685
fcie,5693
fddg,5722
fcif,5724
ffgi,5737
fija,5743
fhee,5799
fjjc,5821
fhdj,5823
fjdg,5824
fhbc,5834
fgcb,5846
fjbe,5870
faha,5902
fhef,5929
fgch,5935
fhjf,5948
fjdb,5955
fhdd,5976
faii,5979
fdjf,5980
fgdd,6003
fiaf,6010
ffbd,6014
fdic,6016
fcdg,6018
fjgd,6018
faeh,6029
fijb,6035
fedh,6045
fhie,6047
fbej,6068
fdjd,6075
fifh,6086
fgjg,6108
fgae,6114
ffcd,6127
fddc,6128
fbhd,6131
fdah,6139
fdhb,6143
fagi,6145
ffag,6169
fcfb,6181
fgee,6208
fcdd,6229
fdee,6236
fffj,6244
ffjh,6248
fjif,6249
fhaa,6250
fecc,6251
fbeg,6264
fgic,6267
fjcb,6268
fgge,6279
fbgc,6291
fbah,6325
feee,6325
fjji,6367
febc,6373
fdge,6384
fcfe,6388
ffei,6390
ffja,6390
fihb,6397
fjfh,6403
fcjd,6414
fige,6414
feig,6426
feif,6430
ffba,6441
fheh,6444
fffi,6463
ffde,6468
fech,6469
fcch,6494
fiea,6512
fdih,6516
fajf,6517
fbdf,6519
feec,6533
fbfj,6534
fbff,6536
fgag,6546
faai,6552
fjgb,6552
fgbg,6578
fbci,6592
fhid,6608
fgif,6613
fccc,6628
fhgg,6665
fach,6666
ffjd,6670
fjhf,6670
fghi,6689
fcbg,6697
fghj,6706
fcei,6709
fjaa,6711
febd,6731
fcjj,6741
feag,6760
fcgh,6770
fghg,6775
fida,6775
fbag,6779
fjee,6779
fchj,6803
fbaa,6812
fafc,6814
fchc,6824
fcia,6842
fcfi,6856
fefe,6857
fabh,6880
faji,6887
figg,6887
fjad,6892
fiee,6918
fhce,6922
ffgh,6928
fdgg,6937
fcah,6942
fadh,6943
fjdi,6945
fcdj,6946
fadc,6955
fjhd,6970
ffhf,6977
fdei,6993
fcaj,7004
fdda,7007
fhgj,7021
fhfd,7038
fggd,7044
fdfh,7049
fgci,7065
fgjf,7065
fggh,7067
fihf,7099
fhca,7100
figa,7116
fcgg,7118
faag,7132
fdai,7133
fabb,7183
fbbb,7185
fjdc,7187
faeb,7191
fdea,7191
fcja,7193
faij,7206
fbia,7207
fjff,7225
faef,7241
fibe,7261
fjfi,7266
fieh,7274
fiah,7311
fgab,7345
fcee,7356
ffcj,7362
ffji,7368
fhjg,7413
fgga,7459
fghb,7481
ffhe,7522
fbbh,7525
fghf,7551
fafh,7587
fjca,7597
fejd,7603
fdeb,7606
faee,7613
fiji,7622
fagj,7633
fbih,7634
ffdg,7644
fgib,7649
fdcd,7650
figf,7653
fdha,7665
fjbj,7665
fgfc,7676
fdhg,7680
fchb,7684
fbie,7692
febh,7710
fifa,7738
fbde,7746
fbae,7760
fihd,7765
fbdg,7767
fahb,7775
fddd,7785
fafi,7814
fdfg,7822
ffic,7828
fjge,7832
fjjb,7835
ffca,7843
fbic,7847
fgba,7857
fbif,7863
fbib,7868
fhfc,7884
fhcd,7885
ffej,7908
fcid,7912
fggf,7914
fegi,7915
fiab,7915
feed,7918
fhdh,7928
fjbh,7931
fecg,7933
febi,7935
feff,7936
fbaj,7950
faca,7967
fedb,7970
fbad,7989
fjcd,7994
fdca,7996
faba,8005
ffdd,8010
faje,8027
fihh,8037
faad,8038
fijh,8039
fidg,8044
fdcg,8057
fhgh,8071
fdid,8082
fhdg,8087
fjib,8090
febg,8092
fabj,8100
fiaa,8110
fjjj,8111
fggj,8115
fidf,8121
fdhe,8128
feib,8130
fgjh,8135
fcbb,8136
fehi,8155
fjeb,8160
fdje,8161
fcgb,8171
fjjd,8172
fabe,8173
fajg,8183
fahe,8211
fehd,8229
fdbe,8240
fefj,8262
fcig,8274
fjic,8300
febe,8303
ffhi,8305
fhec,8310
fddi,8312
fgie,8328
fhah,8354
fehc,8356
ffch,8367
fbce,8372
fgja,8388
fjbb,8389
fjgi,8389
fbdd,8396
fdii,8410
fabg,8415
fjid,8426
fbed,8429
fgaf,8433
fidb,8437
fafb,8440
fdbc,8441
fagg,8447
fjcg,8454
feab,8456
fdgh,8458
ffda,8459
fiib,8463
fbjj,8468
fjih,8483
fbjf,8516
fbhe,8523
fajb,8525
fjja,8526
fbbg,8529
fgdb,8539
fjhi,8547
fhhd,8557
fcac,8562
fgfj,8562
feci,8566
fhif,8596
fdgb,8598
facj,8607
fead,8611
fcdc,8625
fdga,8635
fjjh,8638
fcib,8649
feja,8667
figj,8671
fjhg,8692
fdie,8694
fccg,8723
fhia,8723
fhcb,8728
fjbg,8746
fbdc,8758
fegj,8762
figd,8765
ffhd,8769
fgid,8779
feji,8781
fahf,8790
fdaa,8791
ffec,8792
fhag,8792
ffgg,8798
fchd,8799
fhhb,8803
fabc,8806
fbea,8827
fjga,8831
fcbd,8834
fbef,8842
fjgf,8845
fgfh,8866
fhei,8872
ffgj,8874
fedi,8878
ffee,8883
fjhh,8899
fiac,8906
fcbf,8916
fhfa,8920
fjai,8933
fadf,8945
fcde,8967
ffid,8970
fajd,8980
ffdh,8989
fdfe,8992
fjhb,9002
ffga,9008
fhib,9008
fbba,9011
ffhb,9050
fbha,9070
fgeh,9138
fccj,9139
feaj,9147
fjhe,9148
ffjj,9156
faaf,9163
fbdi,9196
fchh,9197
fagf,9202
fddj,9207
fdhc,9208
fcgc,9221
ficf,9238
fijj,9245
ffdf,9248
fjij,9269
fghh,9272
fddb,9283
ffge,9284
fjda,9286
fgjb,9290
fibf,9335
feeg,9337
fijg,9360
ffef,9378
fbcc,9386
faig,9392
fbcb,9392
fbai,9403
feaa,9403
fehh,9419
fcgi,9434
fbfi,9444
fiia,9456
fehb,9460
fejg,9472
fcab,9486
fjec,9499
fagd,9502
ffbf,9516
fjbc,9533
fdec,9535
fbgj,9540
fjfa,9542
ffac,9551
fgfb,9561
fhhh,9567
fgad,9568
fcag,9574
fbeh,9578
fibi,9578
fgdc,9585
faja,9588
feeb,9594
fjfd,9594
fbbc,9602
fjbf,9605
figc,9612
fbcj,9617
fgca,9630
fjgc,9646
ffib,9651
fjei,9653
fcjc,9654
fiij,9665
feah,9689
fdae,9693
fhhj,9710
fjdf,9711
facc,9746
fejf,9749
fgbh,9749
fjeg,9751
fhea,9762
ffia,9770
fccb,9776
fied,9800
fbbi,9803
fade,9810
fbfd,9824
fgih,9825
facf,9860
fbcd,9860
figi,9885
ffbi,9921
fgei,9931
fidj,9974
fefa,9975
